time_period,cart_session_id,pv_id_after_cart
"A. Pre_Cross_Sell",122947,285250
"A. Pre_Cross_Sell",122952,285262
"A. Pre_Cross_Sell",122954,285270
"A. Pre_Cross_Sell",122987,285342
"A. Pre_Cross_Sell",123008,285380
"A. Pre_Cross_Sell",123020,285404
"A. Pre_Cross_Sell",123021,285410
"A. Pre_Cross_Sell",123030,285429
"A. Pre_Cross_Sell",123031,285441
"A. Pre_Cross_Sell",123038,285454
"A. Pre_Cross_Sell",123043,285469
"A. Pre_Cross_Sell",123049,285489
"A. Pre_Cross_Sell",123048,285492
"A. Pre_Cross_Sell",123050,285495
"A. Pre_Cross_Sell",123055,285505
"A. Pre_Cross_Sell",123056,285511
"A. Pre_Cross_Sell",123062,285527
"A. Pre_Cross_Sell",123065,285546
"A. Pre_Cross_Sell",123075,285569
"A. Pre_Cross_Sell",123081,285584
"A. Pre_Cross_Sell",123095,285615
"A. Pre_Cross_Sell",123101,285629
"A. Pre_Cross_Sell",123103,285643
"A. Pre_Cross_Sell",123109,285660
"A. Pre_Cross_Sell",123110,285663
"A. Pre_Cross_Sell",123119,285693
"A. Pre_Cross_Sell",123120,285702
"A. Pre_Cross_Sell",123123,285708
"A. Pre_Cross_Sell",123128,285724
"A. Pre_Cross_Sell",123129,285726
"A. Pre_Cross_Sell",123133,285739
"A. Pre_Cross_Sell",123139,285750
"A. Pre_Cross_Sell",123143,285765
"A. Pre_Cross_Sell",123150,285780
"A. Pre_Cross_Sell",123179,285836
"A. Pre_Cross_Sell",123180,285849
"A. Pre_Cross_Sell",123181,285851
"A. Pre_Cross_Sell",123187,285862
"A. Pre_Cross_Sell",123191,285875
"A. Pre_Cross_Sell",123201,285902
"A. Pre_Cross_Sell",123214,285929
"A. Pre_Cross_Sell",123242,285985
"A. Pre_Cross_Sell",123243,286001
"A. Pre_Cross_Sell",123252,286020
"A. Pre_Cross_Sell",123282,286082
"A. Pre_Cross_Sell",123281,286087
"A. Pre_Cross_Sell",123284,286096
"A. Pre_Cross_Sell",123286,286103
"A. Pre_Cross_Sell",123302,286140
"A. Pre_Cross_Sell",123314,286164
"A. Pre_Cross_Sell",123324,286190
"A. Pre_Cross_Sell",123326,286203
"A. Pre_Cross_Sell",123328,286204
"A. Pre_Cross_Sell",123333,286219
"A. Pre_Cross_Sell",123338,286245
"A. Pre_Cross_Sell",123354,286275
"A. Pre_Cross_Sell",123358,286295
"A. Pre_Cross_Sell",123360,286301
"A. Pre_Cross_Sell",123366,286318
"A. Pre_Cross_Sell",123369,286322
"A. Pre_Cross_Sell",123390,286364
"A. Pre_Cross_Sell",123391,286379
"A. Pre_Cross_Sell",123394,286388
"A. Pre_Cross_Sell",123397,286391
"A. Pre_Cross_Sell",123409,286421
"A. Pre_Cross_Sell",123423,286455
"A. Pre_Cross_Sell",123443,286500
"A. Pre_Cross_Sell",123461,286540
"A. Pre_Cross_Sell",123467,286562
"A. Pre_Cross_Sell",123474,286575
"A. Pre_Cross_Sell",123484,286595
"A. Pre_Cross_Sell",123492,286613
"A. Pre_Cross_Sell",123496,286626
"A. Pre_Cross_Sell",123500,286637
"A. Pre_Cross_Sell",123501,286644
"A. Pre_Cross_Sell",123515,286679
"A. Pre_Cross_Sell",123526,286708
"A. Pre_Cross_Sell",123538,286736
"A. Pre_Cross_Sell",123539,286739
"A. Pre_Cross_Sell",123552,286770
"A. Pre_Cross_Sell",123554,286777
"A. Pre_Cross_Sell",123565,286803
"A. Pre_Cross_Sell",123571,286816
"A. Pre_Cross_Sell",123581,286854
"A. Pre_Cross_Sell",123583,286861
"A. Pre_Cross_Sell",123593,286881
"A. Pre_Cross_Sell",123607,286915
"A. Pre_Cross_Sell",123610,286919
"A. Pre_Cross_Sell",123620,286942
"A. Pre_Cross_Sell",123640,286990
"A. Pre_Cross_Sell",123642,286989
"A. Pre_Cross_Sell",123651,287011
"A. Pre_Cross_Sell",123653,287020
"A. Pre_Cross_Sell",123673,287059
"A. Pre_Cross_Sell",123676,287070
"A. Pre_Cross_Sell",123690,287107
"A. Pre_Cross_Sell",123692,287110
"A. Pre_Cross_Sell",123701,287126
"A. Pre_Cross_Sell",123713,287165
"A. Pre_Cross_Sell",123729,287209
"A. Pre_Cross_Sell",123759,287258
"A. Pre_Cross_Sell",123760,287264
"A. Pre_Cross_Sell",123769,287290
"A. Pre_Cross_Sell",123772,287296
"A. Pre_Cross_Sell",123780,287319
"A. Pre_Cross_Sell",123782,287329
"A. Pre_Cross_Sell",123827,287425
"A. Pre_Cross_Sell",123832,287442
"A. Pre_Cross_Sell",123834,287451
"A. Pre_Cross_Sell",123837,287457
"A. Pre_Cross_Sell",123838,287465
"A. Pre_Cross_Sell",123841,287479
"A. Pre_Cross_Sell",123851,287500
"A. Pre_Cross_Sell",123868,287549
"A. Pre_Cross_Sell",123874,287566
"A. Pre_Cross_Sell",123878,287573
"A. Pre_Cross_Sell",123879,287574
"A. Pre_Cross_Sell",123891,287602
"A. Pre_Cross_Sell",123895,287630
"A. Pre_Cross_Sell",123897,287632
"A. Pre_Cross_Sell",123910,287654
"A. Pre_Cross_Sell",123917,287672
"A. Pre_Cross_Sell",123920,287686
"A. Pre_Cross_Sell",123921,287690
"A. Pre_Cross_Sell",123938,287725
"A. Pre_Cross_Sell",123939,287743
"A. Pre_Cross_Sell",123940,287744
"A. Pre_Cross_Sell",123958,287782
"A. Pre_Cross_Sell",123963,287801
"A. Pre_Cross_Sell",123971,287824
"A. Pre_Cross_Sell",124001,287886
"A. Pre_Cross_Sell",124005,287893
"A. Pre_Cross_Sell",124013,287917
"A. Pre_Cross_Sell",124019,287932
"A. Pre_Cross_Sell",124027,287946
"A. Pre_Cross_Sell",124032,287963
"A. Pre_Cross_Sell",124038,287980
"A. Pre_Cross_Sell",124040,287982
"A. Pre_Cross_Sell",124044,287996
"A. Pre_Cross_Sell",124052,288014
"A. Pre_Cross_Sell",124049,288016
"A. Pre_Cross_Sell",124075,288057
"A. Pre_Cross_Sell",124086,288084
"A. Pre_Cross_Sell",124078,288088
"A. Pre_Cross_Sell",124093,288105
"A. Pre_Cross_Sell",124098,288131
"A. Pre_Cross_Sell",124097,288132
"A. Pre_Cross_Sell",124102,288130
"A. Pre_Cross_Sell",124106,288135
"A. Pre_Cross_Sell",124101,288141
"A. Pre_Cross_Sell",124112,288163
"A. Pre_Cross_Sell",124113,288169
"A. Pre_Cross_Sell",124125,288198
"A. Pre_Cross_Sell",124122,288196
"A. Pre_Cross_Sell",124128,288209
"A. Pre_Cross_Sell",124138,288238
"A. Pre_Cross_Sell",124140,288240
"A. Pre_Cross_Sell",124143,288253
"A. Pre_Cross_Sell",124162,288290
"A. Pre_Cross_Sell",124174,288318
"A. Pre_Cross_Sell",124186,288350
"A. Pre_Cross_Sell",124190,288367
"A. Pre_Cross_Sell",124199,288384
"A. Pre_Cross_Sell",124217,288425
"A. Pre_Cross_Sell",124218,288429
"A. Pre_Cross_Sell",124228,288453
"A. Pre_Cross_Sell",124234,288473
"A. Pre_Cross_Sell",124256,288508
"A. Pre_Cross_Sell",124258,288519
"A. Pre_Cross_Sell",124274,288548
"A. Pre_Cross_Sell",124293,288591
"A. Pre_Cross_Sell",124302,288611
"A. Pre_Cross_Sell",124307,288635
"A. Pre_Cross_Sell",124311,288641
"A. Pre_Cross_Sell",124312,288645
"A. Pre_Cross_Sell",124314,288658
"A. Pre_Cross_Sell",124331,288698
"A. Pre_Cross_Sell",124339,288713
"A. Pre_Cross_Sell",124344,288722
"A. Pre_Cross_Sell",124348,288743
"A. Pre_Cross_Sell",124359,288773
"A. Pre_Cross_Sell",124362,288778
"A. Pre_Cross_Sell",124370,288799
"A. Pre_Cross_Sell",124373,288816
"A. Pre_Cross_Sell",124386,288839
"A. Pre_Cross_Sell",124399,288870
"A. Pre_Cross_Sell",124398,288879
"A. Pre_Cross_Sell",124401,288881
"A. Pre_Cross_Sell",124407,288900
"A. Pre_Cross_Sell",124415,288912
"A. Pre_Cross_Sell",124422,288933
"A. Pre_Cross_Sell",124427,288944
"A. Pre_Cross_Sell",124439,288971
"A. Pre_Cross_Sell",124441,288979
"A. Pre_Cross_Sell",124446,288997
"A. Pre_Cross_Sell",124450,289005
"A. Pre_Cross_Sell",124451,289009
"A. Pre_Cross_Sell",124500,289109
"A. Pre_Cross_Sell",124507,289122
"A. Pre_Cross_Sell",124512,289138
"A. Pre_Cross_Sell",124520,289166
"A. Pre_Cross_Sell",124523,289167
"A. Pre_Cross_Sell",124521,289169
"A. Pre_Cross_Sell",124526,289178
"A. Pre_Cross_Sell",124530,289188
"A. Pre_Cross_Sell",124553,289236
"A. Pre_Cross_Sell",124556,289245
"A. Pre_Cross_Sell",124562,289265
"A. Pre_Cross_Sell",124571,289283
"A. Pre_Cross_Sell",124594,289333
"A. Pre_Cross_Sell",124602,289350
"A. Pre_Cross_Sell",124603,289359
"A. Pre_Cross_Sell",124604,289366
"A. Pre_Cross_Sell",124607,289376
"A. Pre_Cross_Sell",124611,289393
"A. Pre_Cross_Sell",124613,289399
"A. Pre_Cross_Sell",124638,289456
"A. Pre_Cross_Sell",124640,289465
"A. Pre_Cross_Sell",124643,289475
"A. Pre_Cross_Sell",124644,289480
"A. Pre_Cross_Sell",124649,289495
"A. Pre_Cross_Sell",124664,289532
"A. Pre_Cross_Sell",124673,289550
"A. Pre_Cross_Sell",124683,289571
"A. Pre_Cross_Sell",124688,289589
"A. Pre_Cross_Sell",124692,289608
"A. Pre_Cross_Sell",124694,289615
"A. Pre_Cross_Sell",124697,289624
"A. Pre_Cross_Sell",124706,289645
"A. Pre_Cross_Sell",124711,289664
"A. Pre_Cross_Sell",124738,289729
"A. Pre_Cross_Sell",124749,289761
"A. Pre_Cross_Sell",124751,289766
"A. Pre_Cross_Sell",124756,289778
"A. Pre_Cross_Sell",124770,289805
"A. Pre_Cross_Sell",124781,289835
"A. Pre_Cross_Sell",124794,289866
"A. Pre_Cross_Sell",124793,289865
"A. Pre_Cross_Sell",124801,289885
"A. Pre_Cross_Sell",124803,289893
"A. Pre_Cross_Sell",124817,289922
"A. Pre_Cross_Sell",124829,289952
"A. Pre_Cross_Sell",124843,289986
"A. Pre_Cross_Sell",124876,290045
"A. Pre_Cross_Sell",124877,290048
"A. Pre_Cross_Sell",124882,290066
"A. Pre_Cross_Sell",124895,290095
"A. Pre_Cross_Sell",124899,290107
"A. Pre_Cross_Sell",124906,290124
"A. Pre_Cross_Sell",124910,290132
"A. Pre_Cross_Sell",124912,290141
"A. Pre_Cross_Sell",124914,290150
"A. Pre_Cross_Sell",124917,290161
"A. Pre_Cross_Sell",124922,290175
"A. Pre_Cross_Sell",124933,290192
"A. Pre_Cross_Sell",124939,290214
"A. Pre_Cross_Sell",124953,290246
"A. Pre_Cross_Sell",124991,290328
"A. Pre_Cross_Sell",125006,290362
"A. Pre_Cross_Sell",125009,290371
"A. Pre_Cross_Sell",125020,290402
"A. Pre_Cross_Sell",125041,290451
"A. Pre_Cross_Sell",125049,290468
"A. Pre_Cross_Sell",125056,290486
"A. Pre_Cross_Sell",125060,290498
"A. Pre_Cross_Sell",125067,290517
"A. Pre_Cross_Sell",125074,290526
"A. Pre_Cross_Sell",125076,290534
"A. Pre_Cross_Sell",125088,290562
"A. Pre_Cross_Sell",125090,290565
"A. Pre_Cross_Sell",125097,290583
"A. Pre_Cross_Sell",125129,290647
"A. Pre_Cross_Sell",125134,290658
"A. Pre_Cross_Sell",125142,290676
"A. Pre_Cross_Sell",125150,290691
"A. Pre_Cross_Sell",125153,290703
"A. Pre_Cross_Sell",125161,290724
"A. Pre_Cross_Sell",125171,290742
"A. Pre_Cross_Sell",125178,290764
"A. Pre_Cross_Sell",125181,290768
"A. Pre_Cross_Sell",125191,290795
"A. Pre_Cross_Sell",125192,290805
"A. Pre_Cross_Sell",125207,290840
"A. Pre_Cross_Sell",125232,290894
"A. Pre_Cross_Sell",125241,290909
"A. Pre_Cross_Sell",125242,290915
"A. Pre_Cross_Sell",125243,290923
"A. Pre_Cross_Sell",125260,290963
"A. Pre_Cross_Sell",125264,290976
"A. Pre_Cross_Sell",125275,290998
"A. Pre_Cross_Sell",125292,291035
"A. Pre_Cross_Sell",125300,291051
"A. Pre_Cross_Sell",125303,291059
"A. Pre_Cross_Sell",125329,291117
"A. Pre_Cross_Sell",125337,291132
"A. Pre_Cross_Sell",125343,291149
"A. Pre_Cross_Sell",125345,291154
"A. Pre_Cross_Sell",125350,291168
"A. Pre_Cross_Sell",125354,291178
"A. Pre_Cross_Sell",125362,291200
"A. Pre_Cross_Sell",125378,291230
"A. Pre_Cross_Sell",125389,291260
"A. Pre_Cross_Sell",125395,291267
"A. Pre_Cross_Sell",125390,291269
"A. Pre_Cross_Sell",125400,291292
"A. Pre_Cross_Sell",125409,291313
"A. Pre_Cross_Sell",125408,291318
"A. Pre_Cross_Sell",125414,291334
"A. Pre_Cross_Sell",125416,291347
"A. Pre_Cross_Sell",125417,291361
"A. Pre_Cross_Sell",125435,291388
"A. Pre_Cross_Sell",125446,291407
"A. Pre_Cross_Sell",125459,291438
"A. Pre_Cross_Sell",125467,291460
"A. Pre_Cross_Sell",125476,291481
"A. Pre_Cross_Sell",125490,291507
"A. Pre_Cross_Sell",125495,291519
"A. Pre_Cross_Sell",125510,291561
"A. Pre_Cross_Sell",125535,291604
"A. Pre_Cross_Sell",125549,291642
"A. Pre_Cross_Sell",125555,291650
"A. Pre_Cross_Sell",125557,291657
"A. Pre_Cross_Sell",125558,291668
"A. Pre_Cross_Sell",125574,291704
"A. Pre_Cross_Sell",125575,291706
"A. Pre_Cross_Sell",125584,291724
"A. Pre_Cross_Sell",125602,291761
"A. Pre_Cross_Sell",125605,291770
"A. Pre_Cross_Sell",125615,291790
"A. Pre_Cross_Sell",125627,291818
"A. Pre_Cross_Sell",125638,291847
"A. Pre_Cross_Sell",125662,291896
"A. Pre_Cross_Sell",125683,291938
"A. Pre_Cross_Sell",125686,291947
"A. Pre_Cross_Sell",125689,291952
"A. Pre_Cross_Sell",125694,291964
"A. Pre_Cross_Sell",125715,292012
"A. Pre_Cross_Sell",125745,292067
"A. Pre_Cross_Sell",125764,292108
"A. Pre_Cross_Sell",125775,292137
"A. Pre_Cross_Sell",125778,292144
"A. Pre_Cross_Sell",125793,292181
"A. Pre_Cross_Sell",125797,292186
"A. Pre_Cross_Sell",125800,292210
"A. Pre_Cross_Sell",125812,292238
"A. Pre_Cross_Sell",125820,292253
"A. Pre_Cross_Sell",125821,292263
"A. Pre_Cross_Sell",125826,292266
"A. Pre_Cross_Sell",125833,292287
"A. Pre_Cross_Sell",125844,292312
"A. Pre_Cross_Sell",125849,292321
"A. Pre_Cross_Sell",125848,292322
"A. Pre_Cross_Sell",125853,292336
"A. Pre_Cross_Sell",125875,292380
"A. Pre_Cross_Sell",125907,292452
"A. Pre_Cross_Sell",125911,292466
"A. Pre_Cross_Sell",125914,292470
"A. Pre_Cross_Sell",125915,292481
"A. Pre_Cross_Sell",125919,292493
"A. Pre_Cross_Sell",125933,292518
"A. Pre_Cross_Sell",125932,292522
"A. Pre_Cross_Sell",125944,292546
"A. Pre_Cross_Sell",125963,292586
"A. Pre_Cross_Sell",125972,292606
"A. Pre_Cross_Sell",125986,292637
"A. Pre_Cross_Sell",125988,292644
"A. Pre_Cross_Sell",125994,292659
"A. Pre_Cross_Sell",125999,292673
"A. Pre_Cross_Sell",126009,292696
"A. Pre_Cross_Sell",126027,292738
"A. Pre_Cross_Sell",126029,292740
"A. Pre_Cross_Sell",126038,292766
"A. Pre_Cross_Sell",126043,292784
"A. Pre_Cross_Sell",126046,292796
"A. Pre_Cross_Sell",126051,292818
"A. Pre_Cross_Sell",126056,292824
"A. Pre_Cross_Sell",126063,292846
"A. Pre_Cross_Sell",126064,292849
"A. Pre_Cross_Sell",126078,292879
"A. Pre_Cross_Sell",126084,292906
"A. Pre_Cross_Sell",126086,292909
"A. Pre_Cross_Sell",126089,292915
"A. Pre_Cross_Sell",126100,292941
"A. Pre_Cross_Sell",126112,292984
"A. Pre_Cross_Sell",126110,292983
"A. Pre_Cross_Sell",126119,292992
"A. Pre_Cross_Sell",126121,292994
"A. Pre_Cross_Sell",126125,293010
"A. Pre_Cross_Sell",126134,293032
"A. Pre_Cross_Sell",126141,293049
"A. Pre_Cross_Sell",126140,293058
"A. Pre_Cross_Sell",126149,293083
"A. Pre_Cross_Sell",126146,293084
"A. Pre_Cross_Sell",126159,293100
"A. Pre_Cross_Sell",126165,293124
"A. Pre_Cross_Sell",126169,293141
"A. Pre_Cross_Sell",126170,293138
"A. Pre_Cross_Sell",126180,293156
"A. Pre_Cross_Sell",126181,293158
"A. Pre_Cross_Sell",126196,293198
"A. Pre_Cross_Sell",126197,293203
"A. Pre_Cross_Sell",126201,293212
"A. Pre_Cross_Sell",126203,293223
"A. Pre_Cross_Sell",126205,293229
"A. Pre_Cross_Sell",126209,293247
"A. Pre_Cross_Sell",126211,293248
"A. Pre_Cross_Sell",126214,293260
"A. Pre_Cross_Sell",126213,293263
"A. Pre_Cross_Sell",126223,293282
"A. Pre_Cross_Sell",126239,293333
"A. Pre_Cross_Sell",126252,293352
"A. Pre_Cross_Sell",126254,293369
"A. Pre_Cross_Sell",126257,293377
"A. Pre_Cross_Sell",126263,293389
"A. Pre_Cross_Sell",126282,293435
"A. Pre_Cross_Sell",126326,293516
"A. Pre_Cross_Sell",126334,293538
"A. Pre_Cross_Sell",126348,293570
"A. Pre_Cross_Sell",126350,293579
"A. Pre_Cross_Sell",126372,293627
"A. Pre_Cross_Sell",126389,293659
"A. Pre_Cross_Sell",126394,293673
"A. Pre_Cross_Sell",126405,293696
"A. Pre_Cross_Sell",126410,293713
"A. Pre_Cross_Sell",126434,293768
"A. Pre_Cross_Sell",126440,293785
"A. Pre_Cross_Sell",126442,293787
"A. Pre_Cross_Sell",126448,293807
"A. Pre_Cross_Sell",126450,293811
"A. Pre_Cross_Sell",126470,293852
"A. Pre_Cross_Sell",126475,293872
"A. Pre_Cross_Sell",126484,293888
"A. Pre_Cross_Sell",126515,293950
"A. Pre_Cross_Sell",126514,293953
"A. Pre_Cross_Sell",126525,293973
"A. Pre_Cross_Sell",126533,293991
"A. Pre_Cross_Sell",126536,293996
"A. Pre_Cross_Sell",126553,294024
"A. Pre_Cross_Sell",126563,294046
"A. Pre_Cross_Sell",126559,294043
"A. Pre_Cross_Sell",126577,294076
"A. Pre_Cross_Sell",126586,294103
"A. Pre_Cross_Sell",126589,294111
"A. Pre_Cross_Sell",126619,294177
"A. Pre_Cross_Sell",126620,294183
"A. Pre_Cross_Sell",126626,294208
"A. Pre_Cross_Sell",126631,294218
"A. Pre_Cross_Sell",126629,294221
"A. Pre_Cross_Sell",126633,294223
"A. Pre_Cross_Sell",126652,294272
"A. Pre_Cross_Sell",126659,294289
"A. Pre_Cross_Sell",126664,294300
"A. Pre_Cross_Sell",126666,294302
"A. Pre_Cross_Sell",126675,294325
"A. Pre_Cross_Sell",126678,294332
"A. Pre_Cross_Sell",126682,294343
"A. Pre_Cross_Sell",126692,294369
"A. Pre_Cross_Sell",126702,294396
"A. Pre_Cross_Sell",126712,294417
"A. Pre_Cross_Sell",126723,294447
"A. Pre_Cross_Sell",126730,294470
"A. Pre_Cross_Sell",126736,294484
"A. Pre_Cross_Sell",126756,294521
"A. Pre_Cross_Sell",126772,294554
"A. Pre_Cross_Sell",126779,294571
"A. Pre_Cross_Sell",126782,294577
"A. Pre_Cross_Sell",126786,294590
"A. Pre_Cross_Sell",126801,294622
"A. Pre_Cross_Sell",126816,294653
"A. Pre_Cross_Sell",126820,294673
"A. Pre_Cross_Sell",126836,294709
"A. Pre_Cross_Sell",126850,294740
"A. Pre_Cross_Sell",126858,294762
"A. Pre_Cross_Sell",126856,294767
"A. Pre_Cross_Sell",126859,294774
"A. Pre_Cross_Sell",126873,294806
"A. Pre_Cross_Sell",126871,294805
"A. Pre_Cross_Sell",126878,294822
"A. Pre_Cross_Sell",126880,294836
"A. Pre_Cross_Sell",126890,294853
"A. Pre_Cross_Sell",126894,294871
"A. Pre_Cross_Sell",126899,294876
"A. Pre_Cross_Sell",126925,294938
"A. Pre_Cross_Sell",126937,294969
"A. Pre_Cross_Sell",126944,294994
"A. Pre_Cross_Sell",126968,295029
"A. Pre_Cross_Sell",126977,295048
"A. Pre_Cross_Sell",126981,295073
"A. Pre_Cross_Sell",126986,295086
"A. Pre_Cross_Sell",127004,295121
"A. Pre_Cross_Sell",127001,295124
"A. Pre_Cross_Sell",127026,295168
"A. Pre_Cross_Sell",127033,295177
"A. Pre_Cross_Sell",127042,295222
"A. Pre_Cross_Sell",127056,295238
"A. Pre_Cross_Sell",127057,295245
"A. Pre_Cross_Sell",127065,295265
"A. Pre_Cross_Sell",127063,295269
"A. Pre_Cross_Sell",127073,295282
"A. Pre_Cross_Sell",127094,295333
"A. Pre_Cross_Sell",127101,295348
"A. Pre_Cross_Sell",127103,295356
"A. Pre_Cross_Sell",127108,295372
"A. Pre_Cross_Sell",127105,295374
"A. Pre_Cross_Sell",127112,295388
"A. Pre_Cross_Sell",127132,295430
"A. Pre_Cross_Sell",127135,295441
"A. Pre_Cross_Sell",127145,295465
"A. Pre_Cross_Sell",127151,295481
"A. Pre_Cross_Sell",127155,295492
"A. Pre_Cross_Sell",127157,295504
"A. Pre_Cross_Sell",127160,295509
"A. Pre_Cross_Sell",127161,295517
"A. Pre_Cross_Sell",127194,295583
"A. Pre_Cross_Sell",127198,295592
"A. Pre_Cross_Sell",127230,295658
"A. Pre_Cross_Sell",127235,295674
"A. Pre_Cross_Sell",127239,295691
"A. Pre_Cross_Sell",127264,295740
"A. Pre_Cross_Sell",127272,295762
"A. Pre_Cross_Sell",127277,295775
"A. Pre_Cross_Sell",127280,295783
"A. Pre_Cross_Sell",127294,295818
"A. Pre_Cross_Sell",127306,295846
"A. Pre_Cross_Sell",127314,295864
"A. Pre_Cross_Sell",127318,295873
"A. Pre_Cross_Sell",127326,295893
"A. Pre_Cross_Sell",127328,295899
"A. Pre_Cross_Sell",127330,295907
"A. Pre_Cross_Sell",127335,295921
"A. Pre_Cross_Sell",127346,295941
"A. Pre_Cross_Sell",127347,295949
"A. Pre_Cross_Sell",127351,295961
"A. Pre_Cross_Sell",127353,295969
"A. Pre_Cross_Sell",127370,296007
"A. Pre_Cross_Sell",127385,296037
"A. Pre_Cross_Sell",127394,296063
"A. Pre_Cross_Sell",127393,296068
"A. Pre_Cross_Sell",127405,296102
"A. Pre_Cross_Sell",127416,296130
"A. Pre_Cross_Sell",127418,296142
"A. Pre_Cross_Sell",127420,296144
"A. Pre_Cross_Sell",127442,296193
"A. Pre_Cross_Sell",127451,296219
"A. Pre_Cross_Sell",127458,296234
"A. Pre_Cross_Sell",127475,296260
"A. Pre_Cross_Sell",127477,296268
"A. Pre_Cross_Sell",127476,296269
"A. Pre_Cross_Sell",127480,296279
"A. Pre_Cross_Sell",127485,296302
"A. Pre_Cross_Sell",127484,296299
"A. Pre_Cross_Sell",127490,296312
"A. Pre_Cross_Sell",127516,296362
"A. Pre_Cross_Sell",127517,296364
"A. Pre_Cross_Sell",127526,296389
"A. Pre_Cross_Sell",127534,296409
"A. Pre_Cross_Sell",127537,296418
"A. Pre_Cross_Sell",127538,296423
"A. Pre_Cross_Sell",127546,296445
"A. Pre_Cross_Sell",127554,296462
"A. Pre_Cross_Sell",127561,296482
"A. Pre_Cross_Sell",127567,296499
"A. Pre_Cross_Sell",127573,296515
"A. Pre_Cross_Sell",127585,296546
"A. Pre_Cross_Sell",127589,296555
"A. Pre_Cross_Sell",127593,296573
"A. Pre_Cross_Sell",127596,296578
"A. Pre_Cross_Sell",127597,296581
"A. Pre_Cross_Sell",127607,296610
"A. Pre_Cross_Sell",127617,296626
"A. Pre_Cross_Sell",127619,296640
"A. Pre_Cross_Sell",127624,296651
"A. Pre_Cross_Sell",127626,296664
"A. Pre_Cross_Sell",127635,296684
"A. Pre_Cross_Sell",127640,296693
"A. Pre_Cross_Sell",127654,296728
"A. Pre_Cross_Sell",127655,296727
"A. Pre_Cross_Sell",127688,296794
"A. Pre_Cross_Sell",127693,296809
"A. Pre_Cross_Sell",127694,296817
"A. Pre_Cross_Sell",127700,296833
"A. Pre_Cross_Sell",127705,296853
"A. Pre_Cross_Sell",127711,296864
"A. Pre_Cross_Sell",127723,296889
"A. Pre_Cross_Sell",127741,296939
"A. Pre_Cross_Sell",127746,296944
"A. Pre_Cross_Sell",127749,296957
"A. Pre_Cross_Sell",127752,296967
"A. Pre_Cross_Sell",127755,296974
"A. Pre_Cross_Sell",127765,296994
"A. Pre_Cross_Sell",127775,297012
"A. Pre_Cross_Sell",127786,297032
"A. Pre_Cross_Sell",127783,297033
"A. Pre_Cross_Sell",127792,297054
"A. Pre_Cross_Sell",127793,297060
"A. Pre_Cross_Sell",127794,297072
"A. Pre_Cross_Sell",127812,297098
"A. Pre_Cross_Sell",127817,297114
"A. Pre_Cross_Sell",127824,297130
"A. Pre_Cross_Sell",127827,297145
"A. Pre_Cross_Sell",127831,297167
"A. Pre_Cross_Sell",127832,297170
"A. Pre_Cross_Sell",127840,297181
"A. Pre_Cross_Sell",127853,297214
"A. Pre_Cross_Sell",127860,297228
"A. Pre_Cross_Sell",127872,297250
"A. Pre_Cross_Sell",127880,297272
"A. Pre_Cross_Sell",127884,297283
"A. Pre_Cross_Sell",127889,297296
"A. Pre_Cross_Sell",127912,297348
"A. Pre_Cross_Sell",127913,297354
"A. Pre_Cross_Sell",127942,297411
"A. Pre_Cross_Sell",127945,297418
"A. Pre_Cross_Sell",127946,297428
"A. Pre_Cross_Sell",127948,297441
"A. Pre_Cross_Sell",127951,297440
"A. Pre_Cross_Sell",127955,297457
"A. Pre_Cross_Sell",127959,297472
"A. Pre_Cross_Sell",127965,297479
"A. Pre_Cross_Sell",127974,297509
"A. Pre_Cross_Sell",127976,297508
"A. Pre_Cross_Sell",127989,297541
"A. Pre_Cross_Sell",127993,297547
"A. Pre_Cross_Sell",127998,297571
"A. Pre_Cross_Sell",128000,297577
"A. Pre_Cross_Sell",128005,297595
"A. Pre_Cross_Sell",128036,297660
"A. Pre_Cross_Sell",128037,297668
"A. Pre_Cross_Sell",128051,297695
"A. Pre_Cross_Sell",128069,297731
"A. Pre_Cross_Sell",128076,297758
"A. Pre_Cross_Sell",128084,297770
"A. Pre_Cross_Sell",128092,297789
"A. Pre_Cross_Sell",128095,297805
"A. Pre_Cross_Sell",128115,297840
"A. Pre_Cross_Sell",128121,297853
"A. Pre_Cross_Sell",128129,297880
"A. Pre_Cross_Sell",128150,297930
"A. Pre_Cross_Sell",128152,297941
"A. Pre_Cross_Sell",128175,297993
"A. Pre_Cross_Sell",128176,297996
"A. Pre_Cross_Sell",128178,298020
"A. Pre_Cross_Sell",128179,298019
"A. Pre_Cross_Sell",128208,298075
"A. Pre_Cross_Sell",128224,298111
"A. Pre_Cross_Sell",128227,298120
"A. Pre_Cross_Sell",128229,298126
"A. Pre_Cross_Sell",128236,298145
"A. Pre_Cross_Sell",128239,298153
"A. Pre_Cross_Sell",128261,298202
"A. Pre_Cross_Sell",128266,298223
"A. Pre_Cross_Sell",128269,298232
"A. Pre_Cross_Sell",128270,298231
"A. Pre_Cross_Sell",128279,298249
"A. Pre_Cross_Sell",128281,298262
"A. Pre_Cross_Sell",128288,298288
"A. Pre_Cross_Sell",128303,298319
"A. Pre_Cross_Sell",128319,298347
"A. Pre_Cross_Sell",128328,298378
"A. Pre_Cross_Sell",128373,298463
"A. Pre_Cross_Sell",128391,298496
"A. Pre_Cross_Sell",128392,298517
"A. Pre_Cross_Sell",128395,298529
"A. Pre_Cross_Sell",128399,298525
"A. Pre_Cross_Sell",128404,298532
"A. Pre_Cross_Sell",128411,298558
"A. Pre_Cross_Sell",128426,298592
"A. Pre_Cross_Sell",128429,298597
"A. Pre_Cross_Sell",128434,298617
"A. Pre_Cross_Sell",128467,298676
"A. Pre_Cross_Sell",128479,298701
"A. Pre_Cross_Sell",128501,298753
"A. Pre_Cross_Sell",128500,298755
"A. Pre_Cross_Sell",128502,298763
"A. Pre_Cross_Sell",128508,298785
"A. Pre_Cross_Sell",128507,298786
"A. Pre_Cross_Sell",128518,298815
"A. Pre_Cross_Sell",128528,298834
"A. Pre_Cross_Sell",128537,298859
"A. Pre_Cross_Sell",128559,298907
"A. Pre_Cross_Sell",128584,298961
"A. Pre_Cross_Sell",128589,298982
"A. Pre_Cross_Sell",128590,298987
"A. Pre_Cross_Sell",128594,298998
"A. Pre_Cross_Sell",128596,299005
"A. Pre_Cross_Sell",128597,299019
"A. Pre_Cross_Sell",128600,299027
"A. Pre_Cross_Sell",128611,299052
"A. Pre_Cross_Sell",128617,299066
"A. Pre_Cross_Sell",128629,299090
"A. Pre_Cross_Sell",128634,299103
"A. Pre_Cross_Sell",128635,299109
"A. Pre_Cross_Sell",128642,299124
"A. Pre_Cross_Sell",128654,299151
"A. Pre_Cross_Sell",128659,299164
"A. Pre_Cross_Sell",128664,299180
"A. Pre_Cross_Sell",128680,299217
"A. Pre_Cross_Sell",128683,299222
"A. Pre_Cross_Sell",128685,299234
"A. Pre_Cross_Sell",128705,299288
"A. Pre_Cross_Sell",128717,299309
"A. Pre_Cross_Sell",128725,299334
"A. Pre_Cross_Sell",128735,299352
"A. Pre_Cross_Sell",128763,299415
"A. Pre_Cross_Sell",128764,299422
"A. Pre_Cross_Sell",128766,299427
"A. Pre_Cross_Sell",128783,299464
"A. Pre_Cross_Sell",128790,299485
"A. Pre_Cross_Sell",128792,299488
"A. Pre_Cross_Sell",128794,299502
"A. Pre_Cross_Sell",128797,299512
"A. Pre_Cross_Sell",128800,299525
"A. Pre_Cross_Sell",128815,299549
"A. Pre_Cross_Sell",128817,299558
"A. Pre_Cross_Sell",128816,299564
"A. Pre_Cross_Sell",128849,299633
"A. Pre_Cross_Sell",128864,299664
"A. Pre_Cross_Sell",128861,299662
"A. Pre_Cross_Sell",128867,299676
"A. Pre_Cross_Sell",128874,299688
"A. Pre_Cross_Sell",128882,299710
"A. Pre_Cross_Sell",128890,299735
"A. Pre_Cross_Sell",128896,299752
"A. Pre_Cross_Sell",128902,299769
"A. Pre_Cross_Sell",128913,299810
"A. Pre_Cross_Sell",128932,299836
"A. Pre_Cross_Sell",128937,299848
"A. Pre_Cross_Sell",128942,299861
"A. Pre_Cross_Sell",128952,299889
"A. Pre_Cross_Sell",128953,299896
"A. Pre_Cross_Sell",128954,299904
"A. Pre_Cross_Sell",128959,299922
"A. Pre_Cross_Sell",128960,299924
"A. Pre_Cross_Sell",128966,299935
"A. Pre_Cross_Sell",128967,299947
"A. Pre_Cross_Sell",128968,299953
"A. Pre_Cross_Sell",128986,299985
"A. Pre_Cross_Sell",128994,299999
"A. Pre_Cross_Sell",128997,300009
"A. Pre_Cross_Sell",129007,300034
"A. Pre_Cross_Sell",129009,300043
"A. Pre_Cross_Sell",129018,300073
"A. Pre_Cross_Sell",129022,300078
"A. Pre_Cross_Sell",129023,300089
"A. Pre_Cross_Sell",129040,300131
"A. Pre_Cross_Sell",129043,300143
"A. Pre_Cross_Sell",129058,300176
"A. Pre_Cross_Sell",129062,300187
"A. Pre_Cross_Sell",129071,300215
"A. Pre_Cross_Sell",129073,300219
"A. Pre_Cross_Sell",129078,300233
"A. Pre_Cross_Sell",129082,300245
"A. Pre_Cross_Sell",129084,300255
"A. Pre_Cross_Sell",129095,300269
"A. Pre_Cross_Sell",129103,300302
"A. Pre_Cross_Sell",129109,300305
"A. Pre_Cross_Sell",129129,300333
"A. Pre_Cross_Sell",129130,300335
"A. Pre_Cross_Sell",129134,300355
"A. Pre_Cross_Sell",129133,300359
"A. Pre_Cross_Sell",129149,300383
"A. Pre_Cross_Sell",129175,300451
"A. Pre_Cross_Sell",129199,300500
"A. Pre_Cross_Sell",129206,300515
"A. Pre_Cross_Sell",129207,300519
"A. Pre_Cross_Sell",129221,300556
"A. Pre_Cross_Sell",129229,300577
"A. Pre_Cross_Sell",129230,300581
"A. Pre_Cross_Sell",129232,300590
"A. Pre_Cross_Sell",129235,300598
"A. Pre_Cross_Sell",129265,300664
"A. Pre_Cross_Sell",129271,300675
"A. Pre_Cross_Sell",129279,300698
"A. Pre_Cross_Sell",129298,300742
"A. Pre_Cross_Sell",129299,300751
"A. Pre_Cross_Sell",129304,300771
"A. Pre_Cross_Sell",129315,300787
"A. Pre_Cross_Sell",129345,300854
"A. Pre_Cross_Sell",129350,300868
"A. Pre_Cross_Sell",129353,300886
"A. Pre_Cross_Sell",129365,300912
"A. Pre_Cross_Sell",129366,300915
"A. Pre_Cross_Sell",129390,300978
"A. Pre_Cross_Sell",129401,301014
"A. Pre_Cross_Sell",129413,301039
"A. Pre_Cross_Sell",129417,301049
"A. Pre_Cross_Sell",129415,301050
"A. Pre_Cross_Sell",129429,301074
"A. Pre_Cross_Sell",129448,301117
"A. Pre_Cross_Sell",129449,301124
"A. Pre_Cross_Sell",129452,301130
"A. Pre_Cross_Sell",129459,301146
"A. Pre_Cross_Sell",129468,301165
"A. Pre_Cross_Sell",129470,301171
"A. Pre_Cross_Sell",129472,301179
"A. Pre_Cross_Sell",129479,301200
"A. Pre_Cross_Sell",129489,301218
"A. Pre_Cross_Sell",129492,301230
"A. Pre_Cross_Sell",129494,301239
"A. Pre_Cross_Sell",129500,301252
"A. Pre_Cross_Sell",129501,301259
"A. Pre_Cross_Sell",129516,301290
"A. Pre_Cross_Sell",129517,301295
"A. Pre_Cross_Sell",129518,301306
"A. Pre_Cross_Sell",129520,301310
"A. Pre_Cross_Sell",129532,301340
"A. Pre_Cross_Sell",129555,301389
"A. Pre_Cross_Sell",129562,301410
"A. Pre_Cross_Sell",129573,301431
"A. Pre_Cross_Sell",129576,301448
"A. Pre_Cross_Sell",129578,301452
"A. Pre_Cross_Sell",129604,301506
"A. Pre_Cross_Sell",129603,301509
"A. Pre_Cross_Sell",129622,301551
"A. Pre_Cross_Sell",129625,301562
"A. Pre_Cross_Sell",129626,301567
"A. Pre_Cross_Sell",129643,301602
"A. Pre_Cross_Sell",129645,301609
"A. Pre_Cross_Sell",129654,301630
"A. Pre_Cross_Sell",129661,301651
"A. Pre_Cross_Sell",129663,301657
"A. Pre_Cross_Sell",129666,301668
"A. Pre_Cross_Sell",129679,301699
"A. Pre_Cross_Sell",129686,301713
"A. Pre_Cross_Sell",129705,301760
"A. Pre_Cross_Sell",129718,301779
"A. Pre_Cross_Sell",129727,301818
"A. Pre_Cross_Sell",129732,301832
"A. Pre_Cross_Sell",129734,301838
"A. Pre_Cross_Sell",129747,301863
"A. Pre_Cross_Sell",129749,301869
"A. Pre_Cross_Sell",129751,301879
"A. Pre_Cross_Sell",129753,301887
"A. Pre_Cross_Sell",129758,301902
"A. Pre_Cross_Sell",129773,301939
"A. Pre_Cross_Sell",129793,301981
"A. Pre_Cross_Sell",129797,301993
"A. Pre_Cross_Sell",129802,302000
"A. Pre_Cross_Sell",129814,302032
"A. Pre_Cross_Sell",129816,302036
"A. Pre_Cross_Sell",129829,302066
"A. Pre_Cross_Sell",129841,302097
"A. Pre_Cross_Sell",129852,302119
"A. Pre_Cross_Sell",129857,302133
"A. Pre_Cross_Sell",129863,302153
"A. Pre_Cross_Sell",129865,302167
"A. Pre_Cross_Sell",129869,302176
"A. Pre_Cross_Sell",129894,302230
"A. Pre_Cross_Sell",129903,302254
"A. Pre_Cross_Sell",129918,302284
"A. Pre_Cross_Sell",129923,302299
"A. Pre_Cross_Sell",129936,302328
"A. Pre_Cross_Sell",129940,302342
"A. Pre_Cross_Sell",129961,302385
"A. Pre_Cross_Sell",129970,302408
"A. Pre_Cross_Sell",129979,302430
"A. Pre_Cross_Sell",129999,302464
"A. Pre_Cross_Sell",130007,302488
"A. Pre_Cross_Sell",130035,302547
"A. Pre_Cross_Sell",130039,302560
"A. Pre_Cross_Sell",130041,302572
"A. Pre_Cross_Sell",130057,302606
"A. Pre_Cross_Sell",130060,302617
"A. Pre_Cross_Sell",130061,302622
"A. Pre_Cross_Sell",130066,302643
"A. Pre_Cross_Sell",130069,302660
"A. Pre_Cross_Sell",130070,302662
"A. Pre_Cross_Sell",130074,302669
"A. Pre_Cross_Sell",130085,302695
"A. Pre_Cross_Sell",130088,302710
"A. Pre_Cross_Sell",130108,302755
"A. Pre_Cross_Sell",130148,302836
"A. Pre_Cross_Sell",130162,302859
"A. Pre_Cross_Sell",130163,302865
"A. Pre_Cross_Sell",130173,302886
"A. Pre_Cross_Sell",130195,302925
"A. Pre_Cross_Sell",130213,302970
"A. Pre_Cross_Sell",130224,303008
"A. Pre_Cross_Sell",130232,303024
"A. Pre_Cross_Sell",130245,303048
"A. Pre_Cross_Sell",130250,303068
"A. Pre_Cross_Sell",130256,303077
"A. Pre_Cross_Sell",130261,303098
"A. Pre_Cross_Sell",130271,303126
"A. Pre_Cross_Sell",130273,303137
"A. Pre_Cross_Sell",130277,303144
"A. Pre_Cross_Sell",130274,303146
"A. Pre_Cross_Sell",130279,303150
"A. Pre_Cross_Sell",130295,303192
"A. Pre_Cross_Sell",130297,303201
"A. Pre_Cross_Sell",130300,303205
"A. Pre_Cross_Sell",130304,303217
"A. Pre_Cross_Sell",130320,303252
"A. Pre_Cross_Sell",130324,303265
"A. Pre_Cross_Sell",130328,303274
"A. Pre_Cross_Sell",130332,303295
"A. Pre_Cross_Sell",130337,303299
"A. Pre_Cross_Sell",130338,303305
"A. Pre_Cross_Sell",130341,303311
"A. Pre_Cross_Sell",130345,303326
"A. Pre_Cross_Sell",130346,303335
"A. Pre_Cross_Sell",130353,303351
"A. Pre_Cross_Sell",130355,303357
"A. Pre_Cross_Sell",130357,303369
"A. Pre_Cross_Sell",130359,303379
"A. Pre_Cross_Sell",130358,303381
"A. Pre_Cross_Sell",130363,303395
"A. Pre_Cross_Sell",130365,303402
"A. Pre_Cross_Sell",130368,303413
"A. Pre_Cross_Sell",130372,303428
"A. Pre_Cross_Sell",130381,303442
"A. Pre_Cross_Sell",130384,303451
"A. Pre_Cross_Sell",130387,303464
"A. Pre_Cross_Sell",130437,303574
"A. Pre_Cross_Sell",130439,303585
"A. Pre_Cross_Sell",130445,303597
"A. Pre_Cross_Sell",130446,303601
"A. Pre_Cross_Sell",130454,303621
"A. Pre_Cross_Sell",130453,303623
"A. Pre_Cross_Sell",130457,303639
"A. Pre_Cross_Sell",130478,303677
"A. Pre_Cross_Sell",130487,303700
"A. Pre_Cross_Sell",130490,303707
"A. Pre_Cross_Sell",130492,303717
"A. Pre_Cross_Sell",130499,303743
"A. Pre_Cross_Sell",130508,303767
"A. Pre_Cross_Sell",130511,303777
"A. Pre_Cross_Sell",130513,303793
"A. Pre_Cross_Sell",130520,303797
"A. Pre_Cross_Sell",130539,303839
"A. Pre_Cross_Sell",130557,303872
"A. Pre_Cross_Sell",130574,303916
"A. Pre_Cross_Sell",130582,303926
"A. Pre_Cross_Sell",130592,303956
"A. Pre_Cross_Sell",130604,303993
"A. Pre_Cross_Sell",130606,303996
"A. Pre_Cross_Sell",130602,304002
"A. Pre_Cross_Sell",130603,304004
"A. Pre_Cross_Sell",130608,304014
"A. Pre_Cross_Sell",130609,304019
"A. Pre_Cross_Sell",130618,304039
"A. Pre_Cross_Sell",130626,304053
"A. Pre_Cross_Sell",130633,304067
"A. Pre_Cross_Sell",130645,304089
"A. Pre_Cross_Sell",130651,304114
"A. Pre_Cross_Sell",130652,304115
"A. Pre_Cross_Sell",130667,304159
"A. Pre_Cross_Sell",130678,304180
"A. Pre_Cross_Sell",130685,304196
"A. Pre_Cross_Sell",130698,304224
"A. Pre_Cross_Sell",130697,304225
"A. Pre_Cross_Sell",130702,304239
"A. Pre_Cross_Sell",130723,304278
"A. Pre_Cross_Sell",130728,304287
"A. Pre_Cross_Sell",130729,304302
"A. Pre_Cross_Sell",130736,304326
"A. Pre_Cross_Sell",130739,304347
"A. Pre_Cross_Sell",130743,304346
"A. Pre_Cross_Sell",130747,304352
"A. Pre_Cross_Sell",130749,304364
"A. Pre_Cross_Sell",130760,304392
"A. Pre_Cross_Sell",130780,304442
"A. Pre_Cross_Sell",130792,304468
"A. Pre_Cross_Sell",130795,304480
"A. Pre_Cross_Sell",130800,304490
"A. Pre_Cross_Sell",130805,304506
"A. Pre_Cross_Sell",130802,304508
"A. Pre_Cross_Sell",130813,304538
"A. Pre_Cross_Sell",130814,304537
"A. Pre_Cross_Sell",130816,304554
"A. Pre_Cross_Sell",130819,304559
"A. Pre_Cross_Sell",130828,304579
"A. Pre_Cross_Sell",130832,304587
"A. Pre_Cross_Sell",130838,304600
"A. Pre_Cross_Sell",130841,304609
"A. Pre_Cross_Sell",130849,304623
"A. Pre_Cross_Sell",130854,304633
"A. Pre_Cross_Sell",130870,304669
"A. Pre_Cross_Sell",130878,304684
"A. Pre_Cross_Sell",130899,304726
"A. Pre_Cross_Sell",130904,304745
"A. Pre_Cross_Sell",130906,304749
"A. Pre_Cross_Sell",130916,304767
"A. Pre_Cross_Sell",130915,304771
"A. Pre_Cross_Sell",130918,304784
"A. Pre_Cross_Sell",130923,304797
"A. Pre_Cross_Sell",130937,304827
"A. Pre_Cross_Sell",130939,304832
"A. Pre_Cross_Sell",130945,304848
"A. Pre_Cross_Sell",130946,304856
"A. Pre_Cross_Sell",130950,304865
"A. Pre_Cross_Sell",130952,304878
"A. Pre_Cross_Sell",130958,304898
"A. Pre_Cross_Sell",130990,304965
"A. Pre_Cross_Sell",130995,304975
"A. Pre_Cross_Sell",131012,305015
"A. Pre_Cross_Sell",131025,305041
"A. Pre_Cross_Sell",131038,305077
"A. Pre_Cross_Sell",131060,305116
"A. Pre_Cross_Sell",131080,305167
"A. Pre_Cross_Sell",131084,305177
"A. Pre_Cross_Sell",131096,305199
"A. Pre_Cross_Sell",131110,305227
"A. Pre_Cross_Sell",131136,305285
"A. Pre_Cross_Sell",131160,305332
"A. Pre_Cross_Sell",131167,305360
"A. Pre_Cross_Sell",131175,305383
"A. Pre_Cross_Sell",131191,305404
"A. Pre_Cross_Sell",131209,305447
"A. Pre_Cross_Sell",131213,305458
"A. Pre_Cross_Sell",131222,305480
"A. Pre_Cross_Sell",131223,305487
"A. Pre_Cross_Sell",131237,305516
"A. Pre_Cross_Sell",131240,305527
"A. Pre_Cross_Sell",131242,305533
"A. Pre_Cross_Sell",131254,305561
"A. Pre_Cross_Sell",131260,305573
"A. Pre_Cross_Sell",131275,305618
"A. Pre_Cross_Sell",131283,305638
"A. Pre_Cross_Sell",131284,305644
"A. Pre_Cross_Sell",131288,305655
"A. Pre_Cross_Sell",131308,305700
"A. Pre_Cross_Sell",131311,305709
"A. Pre_Cross_Sell",131316,305723
"A. Pre_Cross_Sell",131314,305729
"A. Pre_Cross_Sell",131326,305748
"A. Pre_Cross_Sell",131327,305747
"A. Pre_Cross_Sell",131333,305778
"A. Pre_Cross_Sell",131341,305798
"A. Pre_Cross_Sell",131342,305803
"A. Pre_Cross_Sell",131346,305814
"A. Pre_Cross_Sell",131347,305816
"A. Pre_Cross_Sell",131351,305831
"A. Pre_Cross_Sell",131354,305834
"A. Pre_Cross_Sell",131359,305848
"A. Pre_Cross_Sell",131363,305857
"A. Pre_Cross_Sell",131366,305870
"A. Pre_Cross_Sell",131372,305889
"A. Pre_Cross_Sell",131382,305922
"A. Pre_Cross_Sell",131390,305918
"A. Pre_Cross_Sell",131397,305948
"A. Pre_Cross_Sell",131424,306000
"A. Pre_Cross_Sell",131451,306060
"A. Pre_Cross_Sell",131459,306073
"A. Pre_Cross_Sell",131477,306115
"A. Pre_Cross_Sell",131479,306128
"A. Pre_Cross_Sell",131494,306159
"A. Pre_Cross_Sell",131500,306172
"A. Pre_Cross_Sell",131509,306198
"A. Pre_Cross_Sell",131511,306210
"A. Pre_Cross_Sell",131524,306231
"A. Pre_Cross_Sell",131544,306281
"A. Pre_Cross_Sell",131548,306297
"A. Pre_Cross_Sell",131552,306306
"A. Pre_Cross_Sell",131558,306326
"A. Pre_Cross_Sell",131559,306331
"A. Pre_Cross_Sell",131564,306350
"A. Pre_Cross_Sell",131566,306351
"A. Pre_Cross_Sell",131574,306369
"A. Pre_Cross_Sell",131581,306397
"A. Pre_Cross_Sell",131586,306410
"A. Pre_Cross_Sell",131603,306442
"A. Pre_Cross_Sell",131611,306457
"A. Pre_Cross_Sell",131613,306468
"A. Pre_Cross_Sell",131625,306487
"A. Pre_Cross_Sell",131645,306523
"A. Pre_Cross_Sell",131646,306531
"A. Pre_Cross_Sell",131663,306562
"A. Pre_Cross_Sell",131675,306591
"A. Pre_Cross_Sell",131678,306600
"A. Pre_Cross_Sell",131682,306612
"A. Pre_Cross_Sell",131690,306636
"A. Pre_Cross_Sell",131688,306640
"A. Pre_Cross_Sell",131696,306654
"A. Pre_Cross_Sell",131697,306658
"A. Pre_Cross_Sell",131711,306693
"A. Pre_Cross_Sell",131712,306701
"A. Pre_Cross_Sell",131714,306712
"A. Pre_Cross_Sell",131720,306729
"A. Pre_Cross_Sell",131725,306741
"A. Pre_Cross_Sell",131733,306757
"A. Pre_Cross_Sell",131738,306770
"A. Pre_Cross_Sell",131746,306787
"A. Pre_Cross_Sell",131748,306793
"A. Pre_Cross_Sell",131764,306836
"A. Pre_Cross_Sell",131763,306839
"A. Pre_Cross_Sell",131769,306850
"A. Pre_Cross_Sell",131776,306870
"A. Pre_Cross_Sell",131780,306882
"A. Pre_Cross_Sell",131785,306894
"A. Pre_Cross_Sell",131801,306934
"A. Pre_Cross_Sell",131803,306939
"A. Pre_Cross_Sell",131805,306947
"A. Pre_Cross_Sell",131809,306957
"A. Pre_Cross_Sell",131815,306974
"A. Pre_Cross_Sell",131816,306980
"A. Pre_Cross_Sell",131823,306997
"A. Pre_Cross_Sell",131825,307002
"A. Pre_Cross_Sell",131848,307054
"A. Pre_Cross_Sell",131853,307065
"A. Pre_Cross_Sell",131862,307088
"A. Pre_Cross_Sell",131893,307152
"A. Pre_Cross_Sell",131901,307175
"A. Pre_Cross_Sell",131914,307200
"A. Pre_Cross_Sell",131918,307212
"A. Pre_Cross_Sell",131951,307286
"A. Pre_Cross_Sell",131952,307290
"A. Pre_Cross_Sell",131970,307329
"A. Pre_Cross_Sell",131972,307337
"A. Pre_Cross_Sell",131987,307380
"A. Pre_Cross_Sell",132003,307408
"A. Pre_Cross_Sell",132009,307431
"A. Pre_Cross_Sell",132012,307438
"A. Pre_Cross_Sell",132033,307476
"A. Pre_Cross_Sell",132043,307501
"A. Pre_Cross_Sell",132057,307533
"A. Pre_Cross_Sell",132062,307553
"A. Pre_Cross_Sell",132076,307580
"A. Pre_Cross_Sell",132077,307589
"A. Pre_Cross_Sell",132078,307592
"A. Pre_Cross_Sell",132085,307617
"A. Pre_Cross_Sell",132090,307623
"A. Pre_Cross_Sell",132093,307637
"A. Pre_Cross_Sell",132091,307633
"A. Pre_Cross_Sell",132103,307663
"A. Pre_Cross_Sell",132118,307687
"A. Pre_Cross_Sell",132119,307707
"A. Pre_Cross_Sell",132120,307711
"A. Pre_Cross_Sell",132130,307727
"A. Pre_Cross_Sell",132132,307740
"A. Pre_Cross_Sell",132140,307763
"A. Pre_Cross_Sell",132143,307772
"A. Pre_Cross_Sell",132145,307773
"A. Pre_Cross_Sell",132152,307790
"A. Pre_Cross_Sell",132158,307823
"A. Pre_Cross_Sell",132163,307832
"A. Pre_Cross_Sell",132171,307848
"A. Pre_Cross_Sell",132167,307857
"A. Pre_Cross_Sell",132173,307864
"A. Pre_Cross_Sell",132174,307874
"A. Pre_Cross_Sell",132172,307873
"A. Pre_Cross_Sell",132180,307900
"A. Pre_Cross_Sell",132189,307913
"A. Pre_Cross_Sell",132191,307925
"A. Pre_Cross_Sell",132193,307934
"A. Pre_Cross_Sell",132192,307941
"A. Pre_Cross_Sell",132202,307953
"A. Pre_Cross_Sell",132204,307962
"A. Pre_Cross_Sell",132207,307969
"A. Pre_Cross_Sell",132223,308005
"A. Pre_Cross_Sell",132240,308034
"A. Pre_Cross_Sell",132241,308047
"A. Pre_Cross_Sell",132248,308060
"A. Pre_Cross_Sell",132266,308105
"A. Pre_Cross_Sell",132268,308110
"A. Pre_Cross_Sell",132281,308134
"A. Pre_Cross_Sell",132304,308184
"A. Pre_Cross_Sell",132318,308216
"A. Pre_Cross_Sell",132329,308246
"A. Pre_Cross_Sell",132340,308271
"A. Pre_Cross_Sell",132355,308307
"A. Pre_Cross_Sell",132362,308321
"A. Pre_Cross_Sell",132359,308328
"A. Pre_Cross_Sell",132363,308330
"A. Pre_Cross_Sell",132372,308356
"A. Pre_Cross_Sell",132379,308379
"A. Pre_Cross_Sell",132380,308384
"A. Pre_Cross_Sell",132382,308394
"A. Pre_Cross_Sell",132385,308402
"A. Pre_Cross_Sell",132404,308434
"A. Pre_Cross_Sell",132407,308442
"A. Pre_Cross_Sell",132421,308477
"A. Pre_Cross_Sell",132425,308484
"A. Pre_Cross_Sell",132428,308492
"A. Pre_Cross_Sell",132437,308508
"A. Pre_Cross_Sell",132460,308568
"A. Pre_Cross_Sell",132473,308599
"A. Pre_Cross_Sell",132475,308604
"A. Pre_Cross_Sell",132480,308622
"A. Pre_Cross_Sell",132494,308644
"A. Pre_Cross_Sell",132515,308693
"A. Pre_Cross_Sell",132518,308704
"A. Pre_Cross_Sell",132535,308737
"A. Pre_Cross_Sell",132539,308755
"A. Pre_Cross_Sell",132546,308769
"A. Pre_Cross_Sell",132557,308799
"A. Pre_Cross_Sell",132559,308804
"A. Pre_Cross_Sell",132562,308814
"A. Pre_Cross_Sell",132574,308845
"A. Pre_Cross_Sell",132576,308849
"A. Pre_Cross_Sell",132578,308857
"A. Pre_Cross_Sell",132583,308870
"A. Pre_Cross_Sell",132584,308871
"A. Pre_Cross_Sell",132602,308909
"A. Pre_Cross_Sell",132619,308941
"A. Pre_Cross_Sell",132623,308953
"A. Pre_Cross_Sell",132622,308954
"A. Pre_Cross_Sell",132631,308977
"A. Pre_Cross_Sell",132634,308995
"A. Pre_Cross_Sell",132640,309015
"A. Pre_Cross_Sell",132641,309020
"A. Pre_Cross_Sell",132649,309032
"A. Pre_Cross_Sell",132651,309040
"A. Pre_Cross_Sell",132656,309051
"A. Pre_Cross_Sell",132661,309060
"A. Pre_Cross_Sell",132659,309061
"A. Pre_Cross_Sell",132664,309078
"A. Pre_Cross_Sell",132671,309091
"A. Pre_Cross_Sell",132694,309140
"A. Pre_Cross_Sell",132695,309150
"A. Pre_Cross_Sell",132698,309157
"A. Pre_Cross_Sell",132703,309180
"A. Pre_Cross_Sell",132700,309178
"A. Pre_Cross_Sell",132706,309188
"A. Pre_Cross_Sell",132716,309213
"A. Pre_Cross_Sell",132733,309257
"A. Pre_Cross_Sell",132739,309270
"A. Pre_Cross_Sell",132745,309287
"A. Pre_Cross_Sell",132750,309296
"A. Pre_Cross_Sell",132758,309321
"A. Pre_Cross_Sell",132760,309330
"A. Pre_Cross_Sell",132762,309349
"A. Pre_Cross_Sell",132775,309368
"A. Pre_Cross_Sell",132777,309377
"A. Pre_Cross_Sell",132778,309380
"A. Pre_Cross_Sell",132791,309411
"A. Pre_Cross_Sell",132793,309417
"A. Pre_Cross_Sell",132797,309425
"A. Pre_Cross_Sell",132799,309434
"B. Post_Cross_Sell",132806,309448
"B. Post_Cross_Sell",132808,309459
"B. Post_Cross_Sell",132853,309556
"B. Post_Cross_Sell",132861,309585
"B. Post_Cross_Sell",132868,309596
"B. Post_Cross_Sell",132876,309611
"B. Post_Cross_Sell",132882,309635
"B. Post_Cross_Sell",132890,309651
"B. Post_Cross_Sell",132898,309668
"B. Post_Cross_Sell",132906,309695
"B. Post_Cross_Sell",132910,309701
"B. Post_Cross_Sell",132940,309770
"B. Post_Cross_Sell",132963,309821
"B. Post_Cross_Sell",132965,309829
"B. Post_Cross_Sell",132967,309836
"B. Post_Cross_Sell",132969,309838
"B. Post_Cross_Sell",132986,309879
"B. Post_Cross_Sell",132991,309902
"B. Post_Cross_Sell",132993,309904
"B. Post_Cross_Sell",133013,309965
"B. Post_Cross_Sell",133012,309968
"B. Post_Cross_Sell",133023,309983
"B. Post_Cross_Sell",133033,310005
"B. Post_Cross_Sell",133030,310014
"B. Post_Cross_Sell",133032,310016
"B. Post_Cross_Sell",133037,310026
"B. Post_Cross_Sell",133042,310040
"B. Post_Cross_Sell",133070,310106
"B. Post_Cross_Sell",133068,310118
"B. Post_Cross_Sell",133090,310143
"B. Post_Cross_Sell",133095,310159
"B. Post_Cross_Sell",133099,310174
"B. Post_Cross_Sell",133097,310177
"B. Post_Cross_Sell",133132,310245
"B. Post_Cross_Sell",133133,310259
"B. Post_Cross_Sell",133137,310262
"B. Post_Cross_Sell",133140,310274
"B. Post_Cross_Sell",133143,310282
"B. Post_Cross_Sell",133146,310295
"B. Post_Cross_Sell",133152,310310
"B. Post_Cross_Sell",133155,310318
"B. Post_Cross_Sell",133156,310330
"B. Post_Cross_Sell",133173,310360
"B. Post_Cross_Sell",133185,310386
"B. Post_Cross_Sell",133201,310423
"B. Post_Cross_Sell",133204,310432
"B. Post_Cross_Sell",133206,310442
"B. Post_Cross_Sell",133209,310449
"B. Post_Cross_Sell",133213,310463
"B. Post_Cross_Sell",133214,310475
"B. Post_Cross_Sell",133217,310481
"B. Post_Cross_Sell",133218,310488
"B. Post_Cross_Sell",133244,310558
"B. Post_Cross_Sell",133258,310593
"B. Post_Cross_Sell",133261,310602
"B. Post_Cross_Sell",133268,310610
"B. Post_Cross_Sell",133276,310640
"B. Post_Cross_Sell",133281,310654
"B. Post_Cross_Sell",133291,310669
"B. Post_Cross_Sell",133298,310686
"B. Post_Cross_Sell",133302,310701
"B. Post_Cross_Sell",133301,310708
"B. Post_Cross_Sell",133308,310718
"B. Post_Cross_Sell",133314,310734
"B. Post_Cross_Sell",133321,310760
"B. Post_Cross_Sell",133346,310810
"B. Post_Cross_Sell",133356,310828
"B. Post_Cross_Sell",133366,310854
"B. Post_Cross_Sell",133375,310872
"B. Post_Cross_Sell",133379,310885
"B. Post_Cross_Sell",133382,310895
"B. Post_Cross_Sell",133400,310931
"B. Post_Cross_Sell",133407,310949
"B. Post_Cross_Sell",133411,310964
"B. Post_Cross_Sell",133435,311009
"B. Post_Cross_Sell",133438,311023
"B. Post_Cross_Sell",133445,311042
"B. Post_Cross_Sell",133451,311060
"B. Post_Cross_Sell",133453,311068
"B. Post_Cross_Sell",133456,311078
"B. Post_Cross_Sell",133463,311097
"B. Post_Cross_Sell",133464,311103
"B. Post_Cross_Sell",133470,311124
"B. Post_Cross_Sell",133475,311141
"B. Post_Cross_Sell",133481,311173
"B. Post_Cross_Sell",133480,311170
"B. Post_Cross_Sell",133486,311172
"B. Post_Cross_Sell",133487,311184
"B. Post_Cross_Sell",133509,311235
"B. Post_Cross_Sell",133514,311251
"B. Post_Cross_Sell",133512,311250
"B. Post_Cross_Sell",133526,311287
"B. Post_Cross_Sell",133528,311286
"B. Post_Cross_Sell",133545,311327
"B. Post_Cross_Sell",133563,311365
"B. Post_Cross_Sell",133565,311375
"B. Post_Cross_Sell",133584,311417
"B. Post_Cross_Sell",133588,311426
"B. Post_Cross_Sell",133596,311444
"B. Post_Cross_Sell",133613,311481
"B. Post_Cross_Sell",133612,311485
"B. Post_Cross_Sell",133639,311548
"B. Post_Cross_Sell",133648,311564
"B. Post_Cross_Sell",133650,311576
"B. Post_Cross_Sell",133656,311590
"B. Post_Cross_Sell",133671,311627
"B. Post_Cross_Sell",133692,311661
"B. Post_Cross_Sell",133693,311666
"B. Post_Cross_Sell",133702,311696
"B. Post_Cross_Sell",133704,311699
"B. Post_Cross_Sell",133707,311709
"B. Post_Cross_Sell",133711,311720
"B. Post_Cross_Sell",133716,311738
"B. Post_Cross_Sell",133729,311767
"B. Post_Cross_Sell",133737,311788
"B. Post_Cross_Sell",133740,311798
"B. Post_Cross_Sell",133741,311795
"B. Post_Cross_Sell",133742,311806
"B. Post_Cross_Sell",133748,311826
"B. Post_Cross_Sell",133754,311848
"B. Post_Cross_Sell",133764,311881
"B. Post_Cross_Sell",133766,311885
"B. Post_Cross_Sell",133778,311907
"B. Post_Cross_Sell",133786,311923
"B. Post_Cross_Sell",133793,311940
"B. Post_Cross_Sell",133799,311957
"B. Post_Cross_Sell",133802,311968
"B. Post_Cross_Sell",133824,312019
"B. Post_Cross_Sell",133843,312054
"B. Post_Cross_Sell",133841,312056
"B. Post_Cross_Sell",133844,312074
"B. Post_Cross_Sell",133846,312088
"B. Post_Cross_Sell",133856,312105
"B. Post_Cross_Sell",133862,312132
"B. Post_Cross_Sell",133865,312134
"B. Post_Cross_Sell",133868,312151
"B. Post_Cross_Sell",133867,312156
"B. Post_Cross_Sell",133869,312158
"B. Post_Cross_Sell",133896,312204
"B. Post_Cross_Sell",133903,312222
"B. Post_Cross_Sell",133913,312246
"B. Post_Cross_Sell",133928,312274
"B. Post_Cross_Sell",133937,312299
"B. Post_Cross_Sell",133950,312330
"B. Post_Cross_Sell",133968,312366
"B. Post_Cross_Sell",133972,312382
"B. Post_Cross_Sell",133991,312426
"B. Post_Cross_Sell",133993,312434
"B. Post_Cross_Sell",133996,312440
"B. Post_Cross_Sell",134001,312458
"B. Post_Cross_Sell",134004,312472
"B. Post_Cross_Sell",134019,312499
"B. Post_Cross_Sell",134017,312504
"B. Post_Cross_Sell",134031,312544
"B. Post_Cross_Sell",134035,312549
"B. Post_Cross_Sell",134046,312573
"B. Post_Cross_Sell",134073,312635
"B. Post_Cross_Sell",134075,312643
"B. Post_Cross_Sell",134088,312672
"B. Post_Cross_Sell",134087,312678
"B. Post_Cross_Sell",134092,312689
"B. Post_Cross_Sell",134098,312704
"B. Post_Cross_Sell",134109,312729
"B. Post_Cross_Sell",134112,312738
"B. Post_Cross_Sell",134122,312759
"B. Post_Cross_Sell",134125,312768
"B. Post_Cross_Sell",134127,312778
"B. Post_Cross_Sell",134141,312809
"B. Post_Cross_Sell",134149,312829
"B. Post_Cross_Sell",134153,312842
"B. Post_Cross_Sell",134162,312860
"B. Post_Cross_Sell",134165,312880
"B. Post_Cross_Sell",134167,312886
"B. Post_Cross_Sell",134170,312898
"B. Post_Cross_Sell",134169,312901
"B. Post_Cross_Sell",134171,312903
"B. Post_Cross_Sell",134176,312928
"B. Post_Cross_Sell",134195,312973
"B. Post_Cross_Sell",134197,312979
"B. Post_Cross_Sell",134202,312989
"B. Post_Cross_Sell",134214,313018
"B. Post_Cross_Sell",134217,313030
"B. Post_Cross_Sell",134238,313076
"B. Post_Cross_Sell",134242,313089
"B. Post_Cross_Sell",134246,313103
"B. Post_Cross_Sell",134266,313139
"B. Post_Cross_Sell",134273,313159
"B. Post_Cross_Sell",134275,313165
"B. Post_Cross_Sell",134277,313176
"B. Post_Cross_Sell",134276,313177
"B. Post_Cross_Sell",134290,313215
"B. Post_Cross_Sell",134315,313267
"B. Post_Cross_Sell",134323,313284
"B. Post_Cross_Sell",134325,313292
"B. Post_Cross_Sell",134331,313310
"B. Post_Cross_Sell",134336,313327
"B. Post_Cross_Sell",134337,313333
"B. Post_Cross_Sell",134347,313353
"B. Post_Cross_Sell",134353,313371
"B. Post_Cross_Sell",134373,313420
"B. Post_Cross_Sell",134381,313445
"B. Post_Cross_Sell",134389,313476
"B. Post_Cross_Sell",134396,313485
"B. Post_Cross_Sell",134401,313495
"B. Post_Cross_Sell",134411,313522
"B. Post_Cross_Sell",134418,313542
"B. Post_Cross_Sell",134424,313559
"B. Post_Cross_Sell",134426,313572
"B. Post_Cross_Sell",134430,313581
"B. Post_Cross_Sell",134441,313601
"B. Post_Cross_Sell",134451,313629
"B. Post_Cross_Sell",134452,313642
"B. Post_Cross_Sell",134455,313653
"B. Post_Cross_Sell",134469,313680
"B. Post_Cross_Sell",134473,313701
"B. Post_Cross_Sell",134493,313730
"B. Post_Cross_Sell",134501,313750
"B. Post_Cross_Sell",134497,313749
"B. Post_Cross_Sell",134505,313772
"B. Post_Cross_Sell",134515,313787
"B. Post_Cross_Sell",134521,313812
"B. Post_Cross_Sell",134520,313814
"B. Post_Cross_Sell",134543,313870
"B. Post_Cross_Sell",134552,313891
"B. Post_Cross_Sell",134559,313906
"B. Post_Cross_Sell",134560,313913
"B. Post_Cross_Sell",134563,313928
"B. Post_Cross_Sell",134576,313961
"B. Post_Cross_Sell",134577,313968
"B. Post_Cross_Sell",134578,313971
"B. Post_Cross_Sell",134583,313983
"B. Post_Cross_Sell",134595,314027
"B. Post_Cross_Sell",134599,314024
"B. Post_Cross_Sell",134600,314037
"B. Post_Cross_Sell",134602,314043
"B. Post_Cross_Sell",134609,314067
"B. Post_Cross_Sell",134617,314082
"B. Post_Cross_Sell",134626,314104
"B. Post_Cross_Sell",134634,314122
"B. Post_Cross_Sell",134657,314172
"B. Post_Cross_Sell",134683,314217
"B. Post_Cross_Sell",134694,314242
"B. Post_Cross_Sell",134720,314295
"B. Post_Cross_Sell",134722,314300
"B. Post_Cross_Sell",134735,314329
"B. Post_Cross_Sell",134738,314342
"B. Post_Cross_Sell",134739,314346
"B. Post_Cross_Sell",134741,314361
"B. Post_Cross_Sell",134773,314430
"B. Post_Cross_Sell",134785,314453
"B. Post_Cross_Sell",134794,314472
"B. Post_Cross_Sell",134798,314487
"B. Post_Cross_Sell",134797,314493
"B. Post_Cross_Sell",134796,314490
"B. Post_Cross_Sell",134802,314506
"B. Post_Cross_Sell",134803,314507
"B. Post_Cross_Sell",134824,314564
"B. Post_Cross_Sell",134830,314579
"B. Post_Cross_Sell",134836,314585
"B. Post_Cross_Sell",134837,314595
"B. Post_Cross_Sell",134843,314615
"B. Post_Cross_Sell",134847,314628
"B. Post_Cross_Sell",134846,314635
"B. Post_Cross_Sell",134870,314683
"B. Post_Cross_Sell",134874,314692
"B. Post_Cross_Sell",134873,314691
"B. Post_Cross_Sell",134875,314700
"B. Post_Cross_Sell",134880,314714
"B. Post_Cross_Sell",134885,314732
"B. Post_Cross_Sell",134887,314736
"B. Post_Cross_Sell",134888,314752
"B. Post_Cross_Sell",134894,314761
"B. Post_Cross_Sell",134899,314767
"B. Post_Cross_Sell",134911,314800
"B. Post_Cross_Sell",134916,314817
"B. Post_Cross_Sell",134921,314824
"B. Post_Cross_Sell",134929,314840
"B. Post_Cross_Sell",134927,314842
"B. Post_Cross_Sell",134938,314868
"B. Post_Cross_Sell",134947,314889
"B. Post_Cross_Sell",134954,314903
"B. Post_Cross_Sell",134959,314926
"B. Post_Cross_Sell",134966,314938
"B. Post_Cross_Sell",134978,314971
"B. Post_Cross_Sell",134980,314972
"B. Post_Cross_Sell",134986,314979
"B. Post_Cross_Sell",134987,314983
"B. Post_Cross_Sell",134990,314995
"B. Post_Cross_Sell",134998,315013
"B. Post_Cross_Sell",135004,315035
"B. Post_Cross_Sell",135001,315039
"B. Post_Cross_Sell",135003,315043
"B. Post_Cross_Sell",135015,315061
"B. Post_Cross_Sell",135026,315089
"B. Post_Cross_Sell",135029,315100
"B. Post_Cross_Sell",135031,315105
"B. Post_Cross_Sell",135038,315127
"B. Post_Cross_Sell",135042,315138
"B. Post_Cross_Sell",135047,315159
"B. Post_Cross_Sell",135053,315165
"B. Post_Cross_Sell",135056,315179
"B. Post_Cross_Sell",135064,315198
"B. Post_Cross_Sell",135076,315223
"B. Post_Cross_Sell",135080,315235
"B. Post_Cross_Sell",135078,315233
"B. Post_Cross_Sell",135087,315249
"B. Post_Cross_Sell",135093,315268
"B. Post_Cross_Sell",135103,315293
"B. Post_Cross_Sell",135104,315292
"B. Post_Cross_Sell",135108,315309
"B. Post_Cross_Sell",135110,315308
"B. Post_Cross_Sell",135112,315319
"B. Post_Cross_Sell",135114,315325
"B. Post_Cross_Sell",135120,315337
"B. Post_Cross_Sell",135126,315353
"B. Post_Cross_Sell",135131,315366
"B. Post_Cross_Sell",135134,315376
"B. Post_Cross_Sell",135139,315389
"B. Post_Cross_Sell",135145,315402
"B. Post_Cross_Sell",135148,315414
"B. Post_Cross_Sell",135159,315436
"B. Post_Cross_Sell",135174,315466
"B. Post_Cross_Sell",135180,315476
"B. Post_Cross_Sell",135181,315485
"B. Post_Cross_Sell",135186,315503
"B. Post_Cross_Sell",135191,315515
"B. Post_Cross_Sell",135193,315528
"B. Post_Cross_Sell",135196,315541
"B. Post_Cross_Sell",135202,315550
"B. Post_Cross_Sell",135211,315575
"B. Post_Cross_Sell",135216,315603
"B. Post_Cross_Sell",135230,315635
"B. Post_Cross_Sell",135236,315660
"B. Post_Cross_Sell",135239,315662
"B. Post_Cross_Sell",135256,315697
"B. Post_Cross_Sell",135274,315741
"B. Post_Cross_Sell",135276,315742
"B. Post_Cross_Sell",135285,315767
"B. Post_Cross_Sell",135288,315771
"B. Post_Cross_Sell",135291,315778
"B. Post_Cross_Sell",135293,315795
"B. Post_Cross_Sell",135295,315806
"B. Post_Cross_Sell",135304,315830
"B. Post_Cross_Sell",135321,315860
"B. Post_Cross_Sell",135328,315886
"B. Post_Cross_Sell",135335,315908
"B. Post_Cross_Sell",135343,315915
"B. Post_Cross_Sell",135345,315932
"B. Post_Cross_Sell",135346,315943
"B. Post_Cross_Sell",135349,315946
"B. Post_Cross_Sell",135367,315980
"B. Post_Cross_Sell",135368,315988
"B. Post_Cross_Sell",135371,315999
"B. Post_Cross_Sell",135380,316015
"B. Post_Cross_Sell",135383,316032
"B. Post_Cross_Sell",135388,316059
"B. Post_Cross_Sell",135391,316058
"B. Post_Cross_Sell",135392,316057
"B. Post_Cross_Sell",135393,316066
"B. Post_Cross_Sell",135400,316090
"B. Post_Cross_Sell",135407,316106
"B. Post_Cross_Sell",135408,316119
"B. Post_Cross_Sell",135412,316126
"B. Post_Cross_Sell",135414,316127
"B. Post_Cross_Sell",135416,316140
"B. Post_Cross_Sell",135421,316147
"B. Post_Cross_Sell",135420,316154
"B. Post_Cross_Sell",135433,316183
"B. Post_Cross_Sell",135432,316182
"B. Post_Cross_Sell",135442,316209
"B. Post_Cross_Sell",135453,316238
"B. Post_Cross_Sell",135491,316316
"B. Post_Cross_Sell",135492,316319
"B. Post_Cross_Sell",135494,316340
"B. Post_Cross_Sell",135510,316375
"B. Post_Cross_Sell",135519,316407
"B. Post_Cross_Sell",135530,316431
"B. Post_Cross_Sell",135534,316446
"B. Post_Cross_Sell",135555,316487
"B. Post_Cross_Sell",135556,316494
"B. Post_Cross_Sell",135559,316506
"B. Post_Cross_Sell",135565,316519
"B. Post_Cross_Sell",135567,316525
"B. Post_Cross_Sell",135569,316534
"B. Post_Cross_Sell",135570,316540
"B. Post_Cross_Sell",135583,316569
"B. Post_Cross_Sell",135603,316618
"B. Post_Cross_Sell",135606,316628
"B. Post_Cross_Sell",135614,316648
"B. Post_Cross_Sell",135613,316651
"B. Post_Cross_Sell",135617,316664
"B. Post_Cross_Sell",135636,316695
"B. Post_Cross_Sell",135646,316725
"B. Post_Cross_Sell",135651,316733
"B. Post_Cross_Sell",135650,316738
"B. Post_Cross_Sell",135665,316761
"B. Post_Cross_Sell",135667,316772
"B. Post_Cross_Sell",135673,316785
"B. Post_Cross_Sell",135693,316842
"B. Post_Cross_Sell",135707,316862
"B. Post_Cross_Sell",135711,316883
"B. Post_Cross_Sell",135713,316904
"B. Post_Cross_Sell",135717,316914
"B. Post_Cross_Sell",135729,316941
"B. Post_Cross_Sell",135739,316959
"B. Post_Cross_Sell",135742,316980
"B. Post_Cross_Sell",135759,317017
"B. Post_Cross_Sell",135774,317046
"B. Post_Cross_Sell",135777,317068
"B. Post_Cross_Sell",135781,317075
"B. Post_Cross_Sell",135783,317081
"B. Post_Cross_Sell",135786,317092
"B. Post_Cross_Sell",135798,317119
"B. Post_Cross_Sell",135803,317127
"B. Post_Cross_Sell",135817,317158
"B. Post_Cross_Sell",135825,317187
"B. Post_Cross_Sell",135846,317229
"B. Post_Cross_Sell",135850,317235
"B. Post_Cross_Sell",135854,317261
"B. Post_Cross_Sell",135861,317266
"B. Post_Cross_Sell",135885,317316
"B. Post_Cross_Sell",135896,317345
"B. Post_Cross_Sell",135904,317359
"B. Post_Cross_Sell",135913,317380
"B. Post_Cross_Sell",135915,317395
"B. Post_Cross_Sell",135920,317411
"B. Post_Cross_Sell",135923,317417
"B. Post_Cross_Sell",135925,317426
"B. Post_Cross_Sell",135932,317450
"B. Post_Cross_Sell",135936,317465
"B. Post_Cross_Sell",135962,317517
"B. Post_Cross_Sell",135963,317523
"B. Post_Cross_Sell",135965,317530
"B. Post_Cross_Sell",135967,317540
"B. Post_Cross_Sell",135970,317551
"B. Post_Cross_Sell",135973,317559
"B. Post_Cross_Sell",135978,317577
"B. Post_Cross_Sell",135989,317605
"B. Post_Cross_Sell",136001,317633
"B. Post_Cross_Sell",136004,317645
"B. Post_Cross_Sell",136007,317651
"B. Post_Cross_Sell",136014,317668
"B. Post_Cross_Sell",136015,317672
"B. Post_Cross_Sell",136019,317692
"B. Post_Cross_Sell",136031,317715
"B. Post_Cross_Sell",136048,317752
"B. Post_Cross_Sell",136046,317750
"B. Post_Cross_Sell",136054,317764
"B. Post_Cross_Sell",136100,317857
"B. Post_Cross_Sell",136129,317925
"B. Post_Cross_Sell",136134,317928
"B. Post_Cross_Sell",136155,317973
"B. Post_Cross_Sell",136176,318014
"B. Post_Cross_Sell",136186,318041
"B. Post_Cross_Sell",136200,318072
"B. Post_Cross_Sell",136197,318074
"B. Post_Cross_Sell",136203,318095
"B. Post_Cross_Sell",136206,318099
"B. Post_Cross_Sell",136212,318114
"B. Post_Cross_Sell",136216,318135
"B. Post_Cross_Sell",136217,318138
"B. Post_Cross_Sell",136238,318175
"B. Post_Cross_Sell",136239,318184
"B. Post_Cross_Sell",136242,318189
"B. Post_Cross_Sell",136245,318199
"B. Post_Cross_Sell",136247,318207
"B. Post_Cross_Sell",136249,318212
"B. Post_Cross_Sell",136266,318245
"B. Post_Cross_Sell",136267,318250
"B. Post_Cross_Sell",136278,318274
"B. Post_Cross_Sell",136277,318278
"B. Post_Cross_Sell",136293,318307
"B. Post_Cross_Sell",136296,318322
"B. Post_Cross_Sell",136302,318344
"B. Post_Cross_Sell",136310,318368
"B. Post_Cross_Sell",136317,318387
"B. Post_Cross_Sell",136321,318399
"B. Post_Cross_Sell",136343,318448
"B. Post_Cross_Sell",136365,318494
"B. Post_Cross_Sell",136374,318511
"B. Post_Cross_Sell",136376,318522
"B. Post_Cross_Sell",136390,318556
"B. Post_Cross_Sell",136403,318586
"B. Post_Cross_Sell",136419,318621
"B. Post_Cross_Sell",136421,318628
"B. Post_Cross_Sell",136422,318630
"B. Post_Cross_Sell",136426,318645
"B. Post_Cross_Sell",136436,318669
"B. Post_Cross_Sell",136461,318709
"B. Post_Cross_Sell",136478,318740
"B. Post_Cross_Sell",136487,318764
"B. Post_Cross_Sell",136497,318780
"B. Post_Cross_Sell",136530,318850
"B. Post_Cross_Sell",136532,318857
"B. Post_Cross_Sell",136539,318886
"B. Post_Cross_Sell",136542,318889
"B. Post_Cross_Sell",136544,318895
"B. Post_Cross_Sell",136545,318904
"B. Post_Cross_Sell",136556,318931
"B. Post_Cross_Sell",136568,318958
"B. Post_Cross_Sell",136571,318970
"B. Post_Cross_Sell",136570,318972
"B. Post_Cross_Sell",136582,319003
"B. Post_Cross_Sell",136588,319023
"B. Post_Cross_Sell",136589,319026
"B. Post_Cross_Sell",136602,319052
"B. Post_Cross_Sell",136604,319063
"B. Post_Cross_Sell",136608,319073
"B. Post_Cross_Sell",136609,319081
"B. Post_Cross_Sell",136611,319091
"B. Post_Cross_Sell",136614,319096
"B. Post_Cross_Sell",136621,319115
"B. Post_Cross_Sell",136622,319119
"B. Post_Cross_Sell",136625,319133
"B. Post_Cross_Sell",136626,319132
"B. Post_Cross_Sell",136628,319143
"B. Post_Cross_Sell",136633,319156
"B. Post_Cross_Sell",136635,319164
"B. Post_Cross_Sell",136642,319184
"B. Post_Cross_Sell",136644,319198
"B. Post_Cross_Sell",136662,319229
"B. Post_Cross_Sell",136669,319245
"B. Post_Cross_Sell",136670,319251
"B. Post_Cross_Sell",136683,319281
"B. Post_Cross_Sell",136702,319330
"B. Post_Cross_Sell",136708,319346
"B. Post_Cross_Sell",136718,319368
"B. Post_Cross_Sell",136719,319373
"B. Post_Cross_Sell",136724,319391
"B. Post_Cross_Sell",136725,319394
"B. Post_Cross_Sell",136732,319413
"B. Post_Cross_Sell",136742,319434
"B. Post_Cross_Sell",136744,319443
"B. Post_Cross_Sell",136772,319499
"B. Post_Cross_Sell",136779,319522
"B. Post_Cross_Sell",136782,319523
"B. Post_Cross_Sell",136788,319539
"B. Post_Cross_Sell",136792,319554
"B. Post_Cross_Sell",136793,319555
"B. Post_Cross_Sell",136797,319568
"B. Post_Cross_Sell",136796,319570
"B. Post_Cross_Sell",136804,319599
"B. Post_Cross_Sell",136818,319631
"B. Post_Cross_Sell",136830,319665
"B. Post_Cross_Sell",136833,319679
"B. Post_Cross_Sell",136840,319695
"B. Post_Cross_Sell",136845,319700
"B. Post_Cross_Sell",136846,319703
"B. Post_Cross_Sell",136854,319727
"B. Post_Cross_Sell",136863,319747
"B. Post_Cross_Sell",136862,319757
"B. Post_Cross_Sell",136898,319826
"B. Post_Cross_Sell",136903,319844
"B. Post_Cross_Sell",136908,319851
"B. Post_Cross_Sell",136931,319897
"B. Post_Cross_Sell",136928,319903
"B. Post_Cross_Sell",136958,319972
"B. Post_Cross_Sell",136964,320001
"B. Post_Cross_Sell",136965,319998
"B. Post_Cross_Sell",136968,320012
"B. Post_Cross_Sell",136974,320032
"B. Post_Cross_Sell",136985,320060
"B. Post_Cross_Sell",136991,320068
"B. Post_Cross_Sell",136992,320080
"B. Post_Cross_Sell",137000,320090
"B. Post_Cross_Sell",137003,320100
"B. Post_Cross_Sell",137013,320129
"B. Post_Cross_Sell",137031,320168
"B. Post_Cross_Sell",137043,320200
"B. Post_Cross_Sell",137064,320240
"B. Post_Cross_Sell",137078,320268
"B. Post_Cross_Sell",137108,320333
"B. Post_Cross_Sell",137115,320341
"B. Post_Cross_Sell",137118,320360
"B. Post_Cross_Sell",137127,320380
"B. Post_Cross_Sell",137133,320393
"B. Post_Cross_Sell",137168,320481
"B. Post_Cross_Sell",137175,320492
"B. Post_Cross_Sell",137185,320517
"B. Post_Cross_Sell",137215,320580
"B. Post_Cross_Sell",137225,320599
"B. Post_Cross_Sell",137227,320609
"B. Post_Cross_Sell",137231,320631
"B. Post_Cross_Sell",137237,320636
"B. Post_Cross_Sell",137235,320637
"B. Post_Cross_Sell",137252,320673
"B. Post_Cross_Sell",137260,320704
"B. Post_Cross_Sell",137258,320706
"B. Post_Cross_Sell",137279,320744
"B. Post_Cross_Sell",137280,320746
"B. Post_Cross_Sell",137283,320754
"B. Post_Cross_Sell",137297,320785
"B. Post_Cross_Sell",137313,320823
"B. Post_Cross_Sell",137320,320840
"B. Post_Cross_Sell",137322,320858
"B. Post_Cross_Sell",137323,320864
"B. Post_Cross_Sell",137330,320875
"B. Post_Cross_Sell",137340,320916
"B. Post_Cross_Sell",137359,320954
"B. Post_Cross_Sell",137366,320974
"B. Post_Cross_Sell",137368,320985
"B. Post_Cross_Sell",137380,321013
"B. Post_Cross_Sell",137381,321023
"B. Post_Cross_Sell",137401,321059
"B. Post_Cross_Sell",137403,321065
"B. Post_Cross_Sell",137410,321083
"B. Post_Cross_Sell",137416,321096
"B. Post_Cross_Sell",137423,321118
"B. Post_Cross_Sell",137428,321127
"B. Post_Cross_Sell",137457,321184
"B. Post_Cross_Sell",137463,321201
"B. Post_Cross_Sell",137475,321238
"B. Post_Cross_Sell",137474,321241
"B. Post_Cross_Sell",137495,321285
"B. Post_Cross_Sell",137498,321292
"B. Post_Cross_Sell",137513,321323
"B. Post_Cross_Sell",137530,321364
"B. Post_Cross_Sell",137539,321387
"B. Post_Cross_Sell",137543,321395
"B. Post_Cross_Sell",137554,321427
"B. Post_Cross_Sell",137553,321432
"B. Post_Cross_Sell",137552,321429
"B. Post_Cross_Sell",137566,321461
"B. Post_Cross_Sell",137578,321489
"B. Post_Cross_Sell",137584,321510
"B. Post_Cross_Sell",137586,321516
"B. Post_Cross_Sell",137590,321528
"B. Post_Cross_Sell",137606,321579
"B. Post_Cross_Sell",137609,321582
"B. Post_Cross_Sell",137617,321589
"B. Post_Cross_Sell",137628,321617
"B. Post_Cross_Sell",137653,321662
"B. Post_Cross_Sell",137658,321669
"B. Post_Cross_Sell",137661,321687
"B. Post_Cross_Sell",137662,321688
"B. Post_Cross_Sell",137667,321699
"B. Post_Cross_Sell",137671,321710
"B. Post_Cross_Sell",137681,321731
"B. Post_Cross_Sell",137692,321754
"B. Post_Cross_Sell",137701,321773
"B. Post_Cross_Sell",137733,321845
"B. Post_Cross_Sell",137738,321871
"B. Post_Cross_Sell",137744,321879
"B. Post_Cross_Sell",137746,321881
"B. Post_Cross_Sell",137766,321926
"B. Post_Cross_Sell",137777,321956
"B. Post_Cross_Sell",137785,321970
"B. Post_Cross_Sell",137791,321979
"B. Post_Cross_Sell",137794,321996
"B. Post_Cross_Sell",137800,322006
"B. Post_Cross_Sell",137815,322035
"B. Post_Cross_Sell",137819,322045
"B. Post_Cross_Sell",137824,322052
"B. Post_Cross_Sell",137840,322083
"B. Post_Cross_Sell",137843,322101
"B. Post_Cross_Sell",137850,322107
"B. Post_Cross_Sell",137855,322123
"B. Post_Cross_Sell",137857,322129
"B. Post_Cross_Sell",137866,322158
"B. Post_Cross_Sell",137871,322170
"B. Post_Cross_Sell",137875,322185
"B. Post_Cross_Sell",137879,322204
"B. Post_Cross_Sell",137896,322223
"B. Post_Cross_Sell",137915,322266
"B. Post_Cross_Sell",137922,322285
"B. Post_Cross_Sell",137925,322297
"B. Post_Cross_Sell",137924,322298
"B. Post_Cross_Sell",137955,322361
"B. Post_Cross_Sell",137957,322365
"B. Post_Cross_Sell",137970,322402
"B. Post_Cross_Sell",137974,322412
"B. Post_Cross_Sell",137997,322464
"B. Post_Cross_Sell",138012,322494
"B. Post_Cross_Sell",138030,322525
"B. Post_Cross_Sell",138035,322542
"B. Post_Cross_Sell",138034,322548
"B. Post_Cross_Sell",138037,322554
"B. Post_Cross_Sell",138039,322563
"B. Post_Cross_Sell",138040,322568
"B. Post_Cross_Sell",138047,322595
"B. Post_Cross_Sell",138054,322609
"B. Post_Cross_Sell",138077,322656
"B. Post_Cross_Sell",138079,322662
"B. Post_Cross_Sell",138082,322667
"B. Post_Cross_Sell",138098,322696
"B. Post_Cross_Sell",138103,322713
"B. Post_Cross_Sell",138111,322730
"B. Post_Cross_Sell",138115,322740
"B. Post_Cross_Sell",138122,322766
"B. Post_Cross_Sell",138130,322787
"B. Post_Cross_Sell",138137,322800
"B. Post_Cross_Sell",138141,322817
"B. Post_Cross_Sell",138143,322818
"B. Post_Cross_Sell",138144,322824
"B. Post_Cross_Sell",138145,322833
"B. Post_Cross_Sell",138152,322851
"B. Post_Cross_Sell",138153,322857
"B. Post_Cross_Sell",138157,322878
"B. Post_Cross_Sell",138170,322893
"B. Post_Cross_Sell",138178,322909
"B. Post_Cross_Sell",138180,322908
"B. Post_Cross_Sell",138185,322935
"B. Post_Cross_Sell",138195,322950
"B. Post_Cross_Sell",138207,322972
"B. Post_Cross_Sell",138209,322981
"B. Post_Cross_Sell",138212,323001
"B. Post_Cross_Sell",138227,323034
"B. Post_Cross_Sell",138234,323041
"B. Post_Cross_Sell",138246,323078
"B. Post_Cross_Sell",138241,323076
"B. Post_Cross_Sell",138264,323111
"B. Post_Cross_Sell",138278,323147
"B. Post_Cross_Sell",138279,323151
"B. Post_Cross_Sell",138289,323172
"B. Post_Cross_Sell",138309,323221
"B. Post_Cross_Sell",138311,323235
"B. Post_Cross_Sell",138314,323245
"B. Post_Cross_Sell",138316,323246
"B. Post_Cross_Sell",138319,323258
"B. Post_Cross_Sell",138336,323294
"B. Post_Cross_Sell",138339,323308
"B. Post_Cross_Sell",138347,323329
"B. Post_Cross_Sell",138359,323352
"B. Post_Cross_Sell",138369,323372
"B. Post_Cross_Sell",138372,323389
"B. Post_Cross_Sell",138375,323391
"B. Post_Cross_Sell",138379,323409
"B. Post_Cross_Sell",138378,323413
"B. Post_Cross_Sell",138380,323415
"B. Post_Cross_Sell",138386,323430
"B. Post_Cross_Sell",138398,323457
"B. Post_Cross_Sell",138400,323462
"B. Post_Cross_Sell",138407,323480
"B. Post_Cross_Sell",138415,323503
"B. Post_Cross_Sell",138417,323510
"B. Post_Cross_Sell",138420,323520
"B. Post_Cross_Sell",138424,323537
"B. Post_Cross_Sell",138425,323539
"B. Post_Cross_Sell",138431,323556
"B. Post_Cross_Sell",138438,323574
"B. Post_Cross_Sell",138453,323627
"B. Post_Cross_Sell",138458,323634
"B. Post_Cross_Sell",138461,323643
"B. Post_Cross_Sell",138468,323666
"B. Post_Cross_Sell",138513,323760
"B. Post_Cross_Sell",138516,323767
"B. Post_Cross_Sell",138514,323777
"B. Post_Cross_Sell",138515,323781
"B. Post_Cross_Sell",138519,323782
"B. Post_Cross_Sell",138523,323791
"B. Post_Cross_Sell",138528,323806
"B. Post_Cross_Sell",138529,323809
"B. Post_Cross_Sell",138534,323814
"B. Post_Cross_Sell",138542,323838
"B. Post_Cross_Sell",138553,323867
"B. Post_Cross_Sell",138559,323877
"B. Post_Cross_Sell",138558,323881
"B. Post_Cross_Sell",138567,323910
"B. Post_Cross_Sell",138575,323925
"B. Post_Cross_Sell",138584,323942
"B. Post_Cross_Sell",138588,323958
"B. Post_Cross_Sell",138589,323960
"B. Post_Cross_Sell",138609,324010
"B. Post_Cross_Sell",138613,324023
"B. Post_Cross_Sell",138614,324024
"B. Post_Cross_Sell",138618,324043
"B. Post_Cross_Sell",138632,324076
"B. Post_Cross_Sell",138644,324102
"B. Post_Cross_Sell",138642,324113
"B. Post_Cross_Sell",138654,324135
"B. Post_Cross_Sell",138657,324153
"B. Post_Cross_Sell",138673,324190
"B. Post_Cross_Sell",138678,324195
"B. Post_Cross_Sell",138689,324217
"B. Post_Cross_Sell",138690,324223
"B. Post_Cross_Sell",138704,324255
"B. Post_Cross_Sell",138709,324271
"B. Post_Cross_Sell",138719,324296
"B. Post_Cross_Sell",138727,324305
"B. Post_Cross_Sell",138729,324316
"B. Post_Cross_Sell",138730,324327
"B. Post_Cross_Sell",138734,324332
"B. Post_Cross_Sell",138749,324370
"B. Post_Cross_Sell",138751,324374
"B. Post_Cross_Sell",138754,324386
"B. Post_Cross_Sell",138757,324399
"B. Post_Cross_Sell",138782,324454
"B. Post_Cross_Sell",138783,324464
"B. Post_Cross_Sell",138787,324472
"B. Post_Cross_Sell",138790,324479
"B. Post_Cross_Sell",138799,324507
"B. Post_Cross_Sell",138801,324517
"B. Post_Cross_Sell",138804,324527
"B. Post_Cross_Sell",138811,324546
"B. Post_Cross_Sell",138812,324547
"B. Post_Cross_Sell",138813,324553
"B. Post_Cross_Sell",138827,324582
"B. Post_Cross_Sell",138838,324603
"B. Post_Cross_Sell",138839,324612
"B. Post_Cross_Sell",138840,324616
"B. Post_Cross_Sell",138846,324634
"B. Post_Cross_Sell",138857,324660
"B. Post_Cross_Sell",138871,324688
"B. Post_Cross_Sell",138876,324707
"B. Post_Cross_Sell",138877,324713
"B. Post_Cross_Sell",138878,324716
"B. Post_Cross_Sell",138897,324756
"B. Post_Cross_Sell",138904,324773
"B. Post_Cross_Sell",138906,324781
"B. Post_Cross_Sell",138911,324791
"B. Post_Cross_Sell",138921,324810
"B. Post_Cross_Sell",138920,324815
"B. Post_Cross_Sell",138923,324827
"B. Post_Cross_Sell",138924,324829
"B. Post_Cross_Sell",138935,324856
"B. Post_Cross_Sell",138939,324874
"B. Post_Cross_Sell",138952,324903
"B. Post_Cross_Sell",138961,324924
"B. Post_Cross_Sell",138970,324948
"B. Post_Cross_Sell",138971,324951
"B. Post_Cross_Sell",138972,324957
"B. Post_Cross_Sell",138989,324995
"B. Post_Cross_Sell",138994,325013
"B. Post_Cross_Sell",139001,325025
"B. Post_Cross_Sell",139005,325036
"B. Post_Cross_Sell",139007,325048
"B. Post_Cross_Sell",139015,325070
"B. Post_Cross_Sell",139026,325096
"B. Post_Cross_Sell",139049,325137
"B. Post_Cross_Sell",139059,325161
"B. Post_Cross_Sell",139066,325180
"B. Post_Cross_Sell",139083,325225
"B. Post_Cross_Sell",139092,325243
"B. Post_Cross_Sell",139094,325254
"B. Post_Cross_Sell",139104,325278
"B. Post_Cross_Sell",139106,325292
"B. Post_Cross_Sell",139105,325296
"B. Post_Cross_Sell",139116,325315
"B. Post_Cross_Sell",139122,325339
"B. Post_Cross_Sell",139127,325353
"B. Post_Cross_Sell",139134,325379
"B. Post_Cross_Sell",139139,325381
"B. Post_Cross_Sell",139145,325395
"B. Post_Cross_Sell",139148,325410
"B. Post_Cross_Sell",139152,325420
"B. Post_Cross_Sell",139157,325431
"B. Post_Cross_Sell",139169,325456
"B. Post_Cross_Sell",139188,325495
"B. Post_Cross_Sell",139211,325541
"B. Post_Cross_Sell",139216,325558
"B. Post_Cross_Sell",139218,325565
"B. Post_Cross_Sell",139231,325588
"B. Post_Cross_Sell",139249,325626
"B. Post_Cross_Sell",139258,325658
"B. Post_Cross_Sell",139276,325705
"B. Post_Cross_Sell",139283,325723
"B. Post_Cross_Sell",139302,325769
"B. Post_Cross_Sell",139308,325779
"B. Post_Cross_Sell",139312,325787
"B. Post_Cross_Sell",139313,325799
"B. Post_Cross_Sell",139317,325801
"B. Post_Cross_Sell",139325,325824
"B. Post_Cross_Sell",139336,325849
"B. Post_Cross_Sell",139339,325861
"B. Post_Cross_Sell",139353,325892
"B. Post_Cross_Sell",139367,325917
"B. Post_Cross_Sell",139378,325941
"B. Post_Cross_Sell",139380,325943
"B. Post_Cross_Sell",139379,325957
"B. Post_Cross_Sell",139382,325960
"B. Post_Cross_Sell",139384,325968
"B. Post_Cross_Sell",139396,325998
"B. Post_Cross_Sell",139402,326012
"B. Post_Cross_Sell",139410,326024
"B. Post_Cross_Sell",139429,326068
"B. Post_Cross_Sell",139430,326070
"B. Post_Cross_Sell",139436,326085
"B. Post_Cross_Sell",139452,326133
"B. Post_Cross_Sell",139461,326147
"B. Post_Cross_Sell",139470,326166
"B. Post_Cross_Sell",139472,326176
"B. Post_Cross_Sell",139487,326206
"B. Post_Cross_Sell",139503,326238
"B. Post_Cross_Sell",139500,326241
"B. Post_Cross_Sell",139508,326255
"B. Post_Cross_Sell",139521,326280
"B. Post_Cross_Sell",139527,326294
"B. Post_Cross_Sell",139530,326305
"B. Post_Cross_Sell",139534,326321
"B. Post_Cross_Sell",139540,326335
"B. Post_Cross_Sell",139556,326373
"B. Post_Cross_Sell",139557,326378
"B. Post_Cross_Sell",139560,326385
"B. Post_Cross_Sell",139562,326399
"B. Post_Cross_Sell",139563,326400
"B. Post_Cross_Sell",139568,326414
"B. Post_Cross_Sell",139573,326430
"B. Post_Cross_Sell",139574,326435
"B. Post_Cross_Sell",139581,326447
"B. Post_Cross_Sell",139584,326460
"B. Post_Cross_Sell",139585,326464
"B. Post_Cross_Sell",139587,326471
"B. Post_Cross_Sell",139611,326517
"B. Post_Cross_Sell",139615,326535
"B. Post_Cross_Sell",139622,326544
"B. Post_Cross_Sell",139632,326570
"B. Post_Cross_Sell",139633,326573
"B. Post_Cross_Sell",139636,326589
"B. Post_Cross_Sell",139645,326608
"B. Post_Cross_Sell",139650,326629
"B. Post_Cross_Sell",139669,326659
"B. Post_Cross_Sell",139673,326669
"B. Post_Cross_Sell",139681,326696
"B. Post_Cross_Sell",139679,326699
"B. Post_Cross_Sell",139705,326752
"B. Post_Cross_Sell",139717,326765
"B. Post_Cross_Sell",139723,326788
"B. Post_Cross_Sell",139726,326795
"B. Post_Cross_Sell",139729,326808
"B. Post_Cross_Sell",139735,326835
"B. Post_Cross_Sell",139747,326865
"B. Post_Cross_Sell",139763,326891
"B. Post_Cross_Sell",139770,326908
"B. Post_Cross_Sell",139771,326913
"B. Post_Cross_Sell",139775,326925
"B. Post_Cross_Sell",139774,326929
"B. Post_Cross_Sell",139797,326972
"B. Post_Cross_Sell",139798,326982
"B. Post_Cross_Sell",139811,327006
"B. Post_Cross_Sell",139815,327025
"B. Post_Cross_Sell",139817,327021
"B. Post_Cross_Sell",139820,327034
"B. Post_Cross_Sell",139829,327055
"B. Post_Cross_Sell",139836,327074
"B. Post_Cross_Sell",139849,327095
"B. Post_Cross_Sell",139862,327135
"B. Post_Cross_Sell",139876,327150
"B. Post_Cross_Sell",139886,327180
"B. Post_Cross_Sell",139890,327188
"B. Post_Cross_Sell",139896,327204
"B. Post_Cross_Sell",139897,327213
"B. Post_Cross_Sell",139900,327224
"B. Post_Cross_Sell",139906,327236
"B. Post_Cross_Sell",139923,327259
"B. Post_Cross_Sell",139939,327295
"B. Post_Cross_Sell",139945,327316
"B. Post_Cross_Sell",139961,327352
"B. Post_Cross_Sell",139960,327354
"B. Post_Cross_Sell",139963,327361
"B. Post_Cross_Sell",139966,327370
"B. Post_Cross_Sell",139968,327380
"B. Post_Cross_Sell",139974,327396
"B. Post_Cross_Sell",139978,327408
"B. Post_Cross_Sell",139988,327429
"B. Post_Cross_Sell",139995,327445
"B. Post_Cross_Sell",140020,327498
"B. Post_Cross_Sell",140033,327528
"B. Post_Cross_Sell",140036,327535
"B. Post_Cross_Sell",140059,327597
"B. Post_Cross_Sell",140067,327611
"B. Post_Cross_Sell",140078,327644
"B. Post_Cross_Sell",140079,327651
"B. Post_Cross_Sell",140084,327658
"B. Post_Cross_Sell",140087,327680
"B. Post_Cross_Sell",140093,327691
"B. Post_Cross_Sell",140101,327719
"B. Post_Cross_Sell",140111,327741
"B. Post_Cross_Sell",140109,327746
"B. Post_Cross_Sell",140117,327768
"B. Post_Cross_Sell",140121,327774
"B. Post_Cross_Sell",140120,327786
"B. Post_Cross_Sell",140141,327825
"B. Post_Cross_Sell",140146,327845
"B. Post_Cross_Sell",140149,327853
"B. Post_Cross_Sell",140174,327895
"B. Post_Cross_Sell",140187,327928
"B. Post_Cross_Sell",140192,327941
"B. Post_Cross_Sell",140195,327956
"B. Post_Cross_Sell",140205,327983
"B. Post_Cross_Sell",140206,327993
"B. Post_Cross_Sell",140212,328008
"B. Post_Cross_Sell",140214,328012
"B. Post_Cross_Sell",140215,328027
"B. Post_Cross_Sell",140217,328035
"B. Post_Cross_Sell",140225,328060
"B. Post_Cross_Sell",140240,328082
"B. Post_Cross_Sell",140267,328133
"B. Post_Cross_Sell",140279,328161
"B. Post_Cross_Sell",140282,328168
"B. Post_Cross_Sell",140292,328194
"B. Post_Cross_Sell",140299,328212
"B. Post_Cross_Sell",140305,328228
"B. Post_Cross_Sell",140306,328232
"B. Post_Cross_Sell",140327,328272
"B. Post_Cross_Sell",140333,328288
"B. Post_Cross_Sell",140337,328305
"B. Post_Cross_Sell",140348,328327
"B. Post_Cross_Sell",140350,328333
"B. Post_Cross_Sell",140351,328340
"B. Post_Cross_Sell",140356,328356
"B. Post_Cross_Sell",140359,328364
"B. Post_Cross_Sell",140363,328373
"B. Post_Cross_Sell",140371,328391
"B. Post_Cross_Sell",140369,328390
"B. Post_Cross_Sell",140370,328397
"B. Post_Cross_Sell",140399,328450
"B. Post_Cross_Sell",140407,328466
"B. Post_Cross_Sell",140410,328479
"B. Post_Cross_Sell",140420,328499
"B. Post_Cross_Sell",140425,328511
"B. Post_Cross_Sell",140428,328524
"B. Post_Cross_Sell",140445,328568
"B. Post_Cross_Sell",140447,328575
"B. Post_Cross_Sell",140455,328597
"B. Post_Cross_Sell",140462,328621
"B. Post_Cross_Sell",140473,328642
"B. Post_Cross_Sell",140484,328670
"B. Post_Cross_Sell",140486,328681
"B. Post_Cross_Sell",140492,328705
"B. Post_Cross_Sell",140500,328713
"B. Post_Cross_Sell",140505,328730
"B. Post_Cross_Sell",140520,328769
"B. Post_Cross_Sell",140524,328778
"B. Post_Cross_Sell",140530,328788
"B. Post_Cross_Sell",140535,328810
"B. Post_Cross_Sell",140536,328820
"B. Post_Cross_Sell",140550,328844
"B. Post_Cross_Sell",140546,328846
"B. Post_Cross_Sell",140573,328892
"B. Post_Cross_Sell",140575,328897
"B. Post_Cross_Sell",140578,328904
"B. Post_Cross_Sell",140599,328957
"B. Post_Cross_Sell",140608,328975
"B. Post_Cross_Sell",140610,328981
"B. Post_Cross_Sell",140611,328985
"B. Post_Cross_Sell",140617,328998
"B. Post_Cross_Sell",140620,329009
"B. Post_Cross_Sell",140621,329013
"B. Post_Cross_Sell",140635,329052
"B. Post_Cross_Sell",140665,329110
"B. Post_Cross_Sell",140669,329125
"B. Post_Cross_Sell",140673,329136
"B. Post_Cross_Sell",140682,329165
"B. Post_Cross_Sell",140683,329169
"B. Post_Cross_Sell",140685,329178
"B. Post_Cross_Sell",140692,329186
"B. Post_Cross_Sell",140695,329205
"B. Post_Cross_Sell",140698,329208
"B. Post_Cross_Sell",140712,329241
"B. Post_Cross_Sell",140719,329259
"B. Post_Cross_Sell",140725,329274
"B. Post_Cross_Sell",140726,329282
"B. Post_Cross_Sell",140758,329339
"B. Post_Cross_Sell",140762,329351
"B. Post_Cross_Sell",140764,329357
"B. Post_Cross_Sell",140770,329374
"B. Post_Cross_Sell",140769,329379
"B. Post_Cross_Sell",140772,329387
"B. Post_Cross_Sell",140777,329400
"B. Post_Cross_Sell",140782,329416
"B. Post_Cross_Sell",140793,329440
"B. Post_Cross_Sell",140807,329467
"B. Post_Cross_Sell",140811,329485
"B. Post_Cross_Sell",140814,329491
"B. Post_Cross_Sell",140815,329498
"B. Post_Cross_Sell",140817,329508
"B. Post_Cross_Sell",140822,329521
"B. Post_Cross_Sell",140825,329533
"B. Post_Cross_Sell",140832,329553
"B. Post_Cross_Sell",140834,329566
"B. Post_Cross_Sell",140849,329599
"B. Post_Cross_Sell",140854,329610
"B. Post_Cross_Sell",140858,329627
"B. Post_Cross_Sell",140881,329672
"B. Post_Cross_Sell",140894,329700
"B. Post_Cross_Sell",140898,329699
"B. Post_Cross_Sell",140904,329724
"B. Post_Cross_Sell",140907,329730
"B. Post_Cross_Sell",140906,329734
"B. Post_Cross_Sell",140910,329749
"B. Post_Cross_Sell",140912,329752
"B. Post_Cross_Sell",140911,329754
"B. Post_Cross_Sell",140922,329779
"B. Post_Cross_Sell",140929,329795
"B. Post_Cross_Sell",140933,329809
"B. Post_Cross_Sell",140938,329825
"B. Post_Cross_Sell",140946,329843
"B. Post_Cross_Sell",140963,329872
"B. Post_Cross_Sell",140968,329886
"B. Post_Cross_Sell",140973,329908
"B. Post_Cross_Sell",141010,329990
"B. Post_Cross_Sell",141024,330017
"B. Post_Cross_Sell",141035,330042
"B. Post_Cross_Sell",141045,330067
"B. Post_Cross_Sell",141047,330074
"B. Post_Cross_Sell",141055,330090
"B. Post_Cross_Sell",141067,330117
"B. Post_Cross_Sell",141071,330128
"B. Post_Cross_Sell",141072,330132
"B. Post_Cross_Sell",141078,330149
"B. Post_Cross_Sell",141098,330186
"B. Post_Cross_Sell",141104,330201
"B. Post_Cross_Sell",141115,330227
"B. Post_Cross_Sell",141133,330269
"B. Post_Cross_Sell",141139,330286
"B. Post_Cross_Sell",141147,330309
"B. Post_Cross_Sell",141152,330321
"B. Post_Cross_Sell",141154,330328
"B. Post_Cross_Sell",141161,330345
"B. Post_Cross_Sell",141165,330358
"B. Post_Cross_Sell",141164,330363
"B. Post_Cross_Sell",141169,330375
"B. Post_Cross_Sell",141188,330417
"B. Post_Cross_Sell",141193,330426
"B. Post_Cross_Sell",141204,330455
"B. Post_Cross_Sell",141203,330454
"B. Post_Cross_Sell",141222,330501
"B. Post_Cross_Sell",141224,330508
"B. Post_Cross_Sell",141227,330519
"B. Post_Cross_Sell",141236,330550
"B. Post_Cross_Sell",141249,330576
"B. Post_Cross_Sell",141277,330632
"B. Post_Cross_Sell",141279,330643
"B. Post_Cross_Sell",141289,330663
"B. Post_Cross_Sell",141293,330681
"B. Post_Cross_Sell",141295,330689
"B. Post_Cross_Sell",141304,330713
"B. Post_Cross_Sell",141310,330724
"B. Post_Cross_Sell",141316,330745
"B. Post_Cross_Sell",141328,330771
"B. Post_Cross_Sell",141337,330788
"B. Post_Cross_Sell",141346,330815
"B. Post_Cross_Sell",141350,330827
"B. Post_Cross_Sell",141352,330841
"B. Post_Cross_Sell",141360,330855
"B. Post_Cross_Sell",141366,330870
"B. Post_Cross_Sell",141379,330902
"B. Post_Cross_Sell",141380,330909
"B. Post_Cross_Sell",141393,330938
"B. Post_Cross_Sell",141401,330960
"B. Post_Cross_Sell",141404,330969
"B. Post_Cross_Sell",141421,331010
"B. Post_Cross_Sell",141436,331039
"B. Post_Cross_Sell",141440,331059
"B. Post_Cross_Sell",141442,331062
"B. Post_Cross_Sell",141461,331104
"B. Post_Cross_Sell",141475,331143
"B. Post_Cross_Sell",141496,331184
"B. Post_Cross_Sell",141497,331194
"B. Post_Cross_Sell",141509,331215
"B. Post_Cross_Sell",141510,331224
"B. Post_Cross_Sell",141525,331258
"B. Post_Cross_Sell",141526,331263
"B. Post_Cross_Sell",141531,331276
"B. Post_Cross_Sell",141534,331286
"B. Post_Cross_Sell",141543,331305
"B. Post_Cross_Sell",141547,331316
"B. Post_Cross_Sell",141554,331349
"B. Post_Cross_Sell",141559,331345
"B. Post_Cross_Sell",141553,331346
"B. Post_Cross_Sell",141573,331383
"B. Post_Cross_Sell",141574,331401
"B. Post_Cross_Sell",141586,331432
"B. Post_Cross_Sell",141588,331430
"B. Post_Cross_Sell",141599,331452
"B. Post_Cross_Sell",141613,331485
"B. Post_Cross_Sell",141612,331484
"B. Post_Cross_Sell",141616,331498
"B. Post_Cross_Sell",141622,331514
"B. Post_Cross_Sell",141629,331535
"B. Post_Cross_Sell",141634,331540
"B. Post_Cross_Sell",141637,331549
"B. Post_Cross_Sell",141663,331601
"B. Post_Cross_Sell",141664,331609
"B. Post_Cross_Sell",141667,331612
"B. Post_Cross_Sell",141678,331648
"B. Post_Cross_Sell",141693,331676
"B. Post_Cross_Sell",141695,331682
"B. Post_Cross_Sell",141697,331687
"B. Post_Cross_Sell",141699,331698
"B. Post_Cross_Sell",141717,331739
"B. Post_Cross_Sell",141723,331761
"B. Post_Cross_Sell",141748,331805
"B. Post_Cross_Sell",141752,331822
"B. Post_Cross_Sell",141755,331829
"B. Post_Cross_Sell",141767,331854
"B. Post_Cross_Sell",141773,331874
"B. Post_Cross_Sell",141779,331892
"B. Post_Cross_Sell",141781,331900
"B. Post_Cross_Sell",141786,331915
"B. Post_Cross_Sell",141785,331920
"B. Post_Cross_Sell",141787,331922
"B. Post_Cross_Sell",141794,331945
"B. Post_Cross_Sell",141810,331974
"B. Post_Cross_Sell",141813,331982
"B. Post_Cross_Sell",141821,332004
"B. Post_Cross_Sell",141833,332037
"B. Post_Cross_Sell",141863,332090
"B. Post_Cross_Sell",141867,332108
"B. Post_Cross_Sell",141878,332125
"B. Post_Cross_Sell",141887,332149
"B. Post_Cross_Sell",141899,332178
"B. Post_Cross_Sell",141907,332205
"B. Post_Cross_Sell",141910,332217
"B. Post_Cross_Sell",141912,332221
"B. Post_Cross_Sell",141924,332249
"B. Post_Cross_Sell",141933,332263
"B. Post_Cross_Sell",141947,332293
"B. Post_Cross_Sell",141953,332311
"B. Post_Cross_Sell",141957,332317
"B. Post_Cross_Sell",141974,332361
"B. Post_Cross_Sell",141972,332370
"B. Post_Cross_Sell",141982,332387
"B. Post_Cross_Sell",142019,332467
"B. Post_Cross_Sell",142020,332471
"B. Post_Cross_Sell",142029,332489
"B. Post_Cross_Sell",142038,332508
"B. Post_Cross_Sell",142042,332531
"B. Post_Cross_Sell",142071,332583
"B. Post_Cross_Sell",142078,332607
"B. Post_Cross_Sell",142077,332609
"B. Post_Cross_Sell",142079,332615
"B. Post_Cross_Sell",142093,332646
"B. Post_Cross_Sell",142098,332665
"B. Post_Cross_Sell",142102,332673
"B. Post_Cross_Sell",142120,332714
"B. Post_Cross_Sell",142131,332737
"B. Post_Cross_Sell",142137,332750
"B. Post_Cross_Sell",142142,332768
"B. Post_Cross_Sell",142145,332780
"B. Post_Cross_Sell",142150,332793
"B. Post_Cross_Sell",142157,332816
"B. Post_Cross_Sell",142165,332835
"B. Post_Cross_Sell",142167,332843
"B. Post_Cross_Sell",142174,332854
"B. Post_Cross_Sell",142186,332883
"B. Post_Cross_Sell",142194,332908
"B. Post_Cross_Sell",142198,332914
"B. Post_Cross_Sell",142209,332935
"B. Post_Cross_Sell",142214,332949
"B. Post_Cross_Sell",142215,332952
"B. Post_Cross_Sell",142216,332955
"B. Post_Cross_Sell",142226,332985
"B. Post_Cross_Sell",142227,332986
"B. Post_Cross_Sell",142229,332991
"B. Post_Cross_Sell",142231,333000
"B. Post_Cross_Sell",142236,333016
"B. Post_Cross_Sell",142242,333034
"B. Post_Cross_Sell",142265,333076
"B. Post_Cross_Sell",142269,333091
"B. Post_Cross_Sell",142273,333102
"B. Post_Cross_Sell",142294,333149
"B. Post_Cross_Sell",142293,333151
"B. Post_Cross_Sell",142301,333178
"B. Post_Cross_Sell",142320,333214
"B. Post_Cross_Sell",142329,333236
"B. Post_Cross_Sell",142337,333257
"B. Post_Cross_Sell",142342,333273
"B. Post_Cross_Sell",142339,333272
"B. Post_Cross_Sell",142372,333347
"B. Post_Cross_Sell",142378,333362
"B. Post_Cross_Sell",142385,333382
"B. Post_Cross_Sell",142394,333401
"B. Post_Cross_Sell",142393,333413
"B. Post_Cross_Sell",142395,333414
"B. Post_Cross_Sell",142409,333447
"B. Post_Cross_Sell",142410,333451
"B. Post_Cross_Sell",142418,333473
"B. Post_Cross_Sell",142423,333482
"B. Post_Cross_Sell",142425,333494
"B. Post_Cross_Sell",142432,333520
"B. Post_Cross_Sell",142441,333542
"B. Post_Cross_Sell",142452,333564
"B. Post_Cross_Sell",142454,333572
"B. Post_Cross_Sell",142466,333604
"B. Post_Cross_Sell",142478,333624
"B. Post_Cross_Sell",142481,333631
"B. Post_Cross_Sell",142488,333650
"B. Post_Cross_Sell",142495,333666
"B. Post_Cross_Sell",142501,333679
"B. Post_Cross_Sell",142505,333693
"B. Post_Cross_Sell",142523,333725
"B. Post_Cross_Sell",142522,333737
"B. Post_Cross_Sell",142525,333745
"B. Post_Cross_Sell",142535,333765
"B. Post_Cross_Sell",142549,333789
"B. Post_Cross_Sell",142554,333806
"B. Post_Cross_Sell",142594,333906
"B. Post_Cross_Sell",142598,333911
"B. Post_Cross_Sell",142612,333946
"B. Post_Cross_Sell",142617,333960
"B. Post_Cross_Sell",142621,333969
"B. Post_Cross_Sell",142628,333986
"B. Post_Cross_Sell",142646,334024
"B. Post_Cross_Sell",142653,334040
"B. Post_Cross_Sell",142655,334044
"B. Post_Cross_Sell",142668,334073
"B. Post_Cross_Sell",142669,334081
"B. Post_Cross_Sell",142671,334089
"B. Post_Cross_Sell",142674,334101
"B. Post_Cross_Sell",142684,334120
"B. Post_Cross_Sell",142697,334155
"B. Post_Cross_Sell",142706,334182
"B. Post_Cross_Sell",142717,334213
"B. Post_Cross_Sell",142720,334212
"B. Post_Cross_Sell",142723,334223
"B. Post_Cross_Sell",142731,334247
"B. Post_Cross_Sell",142759,334296
"B. Post_Cross_Sell",142757,334294
"B. Post_Cross_Sell",142761,334311
"B. Post_Cross_Sell",142766,334316
"B. Post_Cross_Sell",142765,334324
"B. Post_Cross_Sell",142775,334348
"B. Post_Cross_Sell",142785,334366
"B. Post_Cross_Sell",142788,334387
"B. Post_Cross_Sell",142792,334401
"B. Post_Cross_Sell",142794,334405
"B. Post_Cross_Sell",142798,334416
"B. Post_Cross_Sell",142804,334432
"B. Post_Cross_Sell",142816,334456
"B. Post_Cross_Sell",142822,334478
"B. Post_Cross_Sell",142827,334483
"B. Post_Cross_Sell",142830,334491
"B. Post_Cross_Sell",142833,334514
"B. Post_Cross_Sell",142834,334510
"B. Post_Cross_Sell",142836,334525
"B. Post_Cross_Sell",142837,334524
"B. Post_Cross_Sell",142838,334531
"B. Post_Cross_Sell",142849,334554
"B. Post_Cross_Sell",142859,334584
"B. Post_Cross_Sell",142865,334594
"B. Post_Cross_Sell",142873,334618
"B. Post_Cross_Sell",142904,334683
"B. Post_Cross_Sell",142917,334713
"B. Post_Cross_Sell",142931,334734
"B. Post_Cross_Sell",142935,334752
"B. Post_Cross_Sell",142936,334759
"B. Post_Cross_Sell",142949,334788
"B. Post_Cross_Sell",142959,334810
"B. Post_Cross_Sell",142961,334822
"B. Post_Cross_Sell",142973,334849
"B. Post_Cross_Sell",142981,334863
"B. Post_Cross_Sell",142991,334889
"B. Post_Cross_Sell",142994,334898
"B. Post_Cross_Sell",142998,334919
"B. Post_Cross_Sell",143001,334925
"B. Post_Cross_Sell",143006,334939
"B. Post_Cross_Sell",143019,334970
"B. Post_Cross_Sell",143018,334974
"B. Post_Cross_Sell",143024,334987
"B. Post_Cross_Sell",143030,335001
