website_session_id,product_made_it,mrfuzzy_made_it,cart_made_it,shipping_made_it,billing_made_it,thankyou_made_it
18243,0,0,0,0,0,0
18244,1,1,1,1,1,0
18245,0,0,0,0,0,0
18246,1,0,0,0,0,0
18247,1,1,0,0,0,0
18249,0,0,0,0,0,0
18250,0,0,0,0,0,0
18251,1,1,0,0,0,0
18252,1,1,1,1,1,0
18254,0,0,0,0,0,0
18255,1,1,1,1,1,0
18256,1,1,0,0,0,0
18257,1,1,0,0,0,0
18258,1,0,0,0,0,0
18259,1,1,0,0,0,0
18260,0,0,0,0,0,0
18261,0,0,0,0,0,0
18262,0,0,0,0,0,0
18263,0,0,0,0,0,0
18264,0,0,0,0,0,0
18265,1,1,0,0,0,0
18266,0,0,0,0,0,0
18267,1,0,0,0,0,0
18268,0,0,0,0,0,0
18269,1,0,0,0,0,0
18270,0,0,0,0,0,0
18271,0,0,0,0,0,0
18272,0,0,0,0,0,0
18273,1,0,0,0,0,0
18274,0,0,0,0,0,0
18275,1,1,1,0,0,0
18276,0,0,0,0,0,0
18277,0,0,0,0,0,0
18278,0,0,0,0,0,0
18279,0,0,0,0,0,0
18280,1,1,1,1,1,0
18281,0,0,0,0,0,0
18282,1,1,0,0,0,0
18283,0,0,0,0,0,0
18285,0,0,0,0,0,0
18286,0,0,0,0,0,0
18287,0,0,0,0,0,0
18288,0,0,0,0,0,0
18289,0,0,0,0,0,0
18290,1,1,1,1,1,1
18291,1,0,0,0,0,0
18292,0,0,0,0,0,0
18293,0,0,0,0,0,0
18294,0,0,0,0,0,0
18295,1,1,1,1,1,1
18296,1,0,0,0,0,0
18297,1,1,0,0,0,0
18298,1,1,1,1,1,0
18299,0,0,0,0,0,0
18300,1,0,0,0,0,0
18301,0,0,0,0,0,0
18302,0,0,0,0,0,0
18303,0,0,0,0,0,0
18305,1,1,1,1,1,1
18306,1,1,1,1,0,0
18307,0,0,0,0,0,0
18308,0,0,0,0,0,0
18309,0,0,0,0,0,0
18310,0,0,0,0,0,0
18312,1,1,1,1,1,0
18313,0,0,0,0,0,0
18316,0,0,0,0,0,0
18317,0,0,0,0,0,0
18318,0,0,0,0,0,0
18319,1,1,0,0,0,0
18321,0,0,0,0,0,0
18322,1,1,0,0,0,0
18323,1,0,0,0,0,0
18324,0,0,0,0,0,0
18325,0,0,0,0,0,0
18327,0,0,0,0,0,0
18328,0,0,0,0,0,0
18329,1,1,0,0,0,0
18330,1,1,0,0,0,0
18331,0,0,0,0,0,0
18332,1,1,1,1,1,0
18333,1,1,0,0,0,0
18334,0,0,0,0,0,0
18335,0,0,0,0,0,0
18336,0,0,0,0,0,0
18337,0,0,0,0,0,0
18338,1,1,0,0,0,0
18339,0,0,0,0,0,0
18340,0,0,0,0,0,0
18341,1,1,0,0,0,0
18342,0,0,0,0,0,0
18343,0,0,0,0,0,0
18344,0,0,0,0,0,0
18345,0,0,0,0,0,0
18346,0,0,0,0,0,0
18347,0,0,0,0,0,0
18348,1,0,0,0,0,0
18349,0,0,0,0,0,0
18350,0,0,0,0,0,0
18351,1,1,1,1,1,1
18352,1,1,1,1,0,0
18353,1,0,0,0,0,0
18354,0,0,0,0,0,0
18355,1,1,0,0,0,0
18356,1,1,0,0,0,0
18357,1,0,0,0,0,0
18358,0,0,0,0,0,0
18359,1,1,0,0,0,0
18360,1,1,0,0,0,0
18361,1,1,1,0,0,0
18362,0,0,0,0,0,0
18363,1,0,0,0,0,0
18364,0,0,0,0,0,0
18365,1,1,1,1,1,1
18366,0,0,0,0,0,0
18367,0,0,0,0,0,0
18368,0,0,0,0,0,0
18369,0,0,0,0,0,0
18370,0,0,0,0,0,0
18371,1,1,0,0,0,0
18372,0,0,0,0,0,0
18373,0,0,0,0,0,0
18375,1,0,0,0,0,0
18376,1,1,1,1,1,1
18379,0,0,0,0,0,0
18380,1,1,0,0,0,0
18383,0,0,0,0,0,0
18384,1,0,0,0,0,0
18385,1,0,0,0,0,0
18386,0,0,0,0,0,0
18387,1,1,1,1,0,0
18388,1,0,0,0,0,0
18389,0,0,0,0,0,0
18391,0,0,0,0,0,0
18392,0,0,0,0,0,0
18394,1,1,1,1,1,0
18395,0,0,0,0,0,0
18397,0,0,0,0,0,0
18398,1,1,1,0,0,0
18399,1,0,0,0,0,0
18400,0,0,0,0,0,0
18401,1,1,0,0,0,0
18402,0,0,0,0,0,0
18403,1,0,0,0,0,0
18404,1,1,0,0,0,0
18405,1,1,1,1,1,0
18406,0,0,0,0,0,0
18407,0,0,0,0,0,0
18408,1,1,1,0,0,0
18409,0,0,0,0,0,0
18411,0,0,0,0,0,0
18412,1,1,0,0,0,0
18413,1,1,1,1,1,1
18414,0,0,0,0,0,0
18415,0,0,0,0,0,0
18417,1,0,0,0,0,0
18418,0,0,0,0,0,0
18420,1,1,1,1,1,1
18421,0,0,0,0,0,0
18422,1,1,0,0,0,0
18423,1,0,0,0,0,0
18424,1,0,0,0,0,0
18425,1,1,0,0,0,0
18426,0,0,0,0,0,0
18427,0,0,0,0,0,0
18428,0,0,0,0,0,0
18429,0,0,0,0,0,0
18430,1,1,1,0,0,0
18431,0,0,0,0,0,0
18432,0,0,0,0,0,0
18433,0,0,0,0,0,0
18435,0,0,0,0,0,0
18436,0,0,0,0,0,0
18438,0,0,0,0,0,0
18439,1,1,1,1,1,1
18441,1,0,0,0,0,0
18442,0,0,0,0,0,0
18444,1,1,1,1,1,0
18445,0,0,0,0,0,0
18446,0,0,0,0,0,0
18447,1,1,1,0,0,0
18448,0,0,0,0,0,0
18449,0,0,0,0,0,0
18450,0,0,0,0,0,0
18451,1,1,0,0,0,0
18452,1,1,0,0,0,0
18453,1,1,0,0,0,0
18454,0,0,0,0,0,0
18455,0,0,0,0,0,0
18456,1,1,0,0,0,0
18457,1,0,0,0,0,0
18458,0,0,0,0,0,0
18459,0,0,0,0,0,0
18460,0,0,0,0,0,0
18462,1,0,0,0,0,0
18463,0,0,0,0,0,0
18464,0,0,0,0,0,0
18465,0,0,0,0,0,0
18466,0,0,0,0,0,0
18467,1,1,1,1,1,1
18468,0,0,0,0,0,0
18469,1,1,0,0,0,0
18470,1,0,0,0,0,0
18471,0,0,0,0,0,0
18472,1,0,0,0,0,0
18473,0,0,0,0,0,0
18474,1,1,0,0,0,0
18475,0,0,0,0,0,0
18477,0,0,0,0,0,0
18478,1,1,1,1,1,1
18479,0,0,0,0,0,0
18481,1,0,0,0,0,0
18482,0,0,0,0,0,0
18484,1,0,0,0,0,0
18485,1,1,0,0,0,0
18486,1,1,0,0,0,0
18487,0,0,0,0,0,0
18488,0,0,0,0,0,0
18489,0,0,0,0,0,0
18490,0,0,0,0,0,0
18492,0,0,0,0,0,0
18493,0,0,0,0,0,0
18494,0,0,0,0,0,0
18495,1,1,0,0,0,0
18496,1,1,1,1,0,0
18497,0,0,0,0,0,0
18498,0,0,0,0,0,0
18499,1,1,0,0,0,0
18500,1,1,1,1,1,0
18501,0,0,0,0,0,0
18502,1,0,0,0,0,0
18503,0,0,0,0,0,0
18504,1,1,1,0,0,0
18505,0,0,0,0,0,0
18506,0,0,0,0,0,0
18507,0,0,0,0,0,0
18508,0,0,0,0,0,0
18509,0,0,0,0,0,0
18511,1,1,0,0,0,0
18512,0,0,0,0,0,0
18513,1,1,1,0,0,0
18514,0,0,0,0,0,0
18515,0,0,0,0,0,0
18516,0,0,0,0,0,0
18518,1,1,1,1,0,0
18520,1,1,0,0,0,0
18521,0,0,0,0,0,0
18522,1,1,0,0,0,0
18523,1,1,0,0,0,0
18524,1,1,1,1,1,0
18525,1,1,0,0,0,0
18526,0,0,0,0,0,0
18527,1,1,1,1,0,0
18528,0,0,0,0,0,0
18529,1,1,1,0,0,0
18530,0,0,0,0,0,0
18531,1,0,0,0,0,0
18532,0,0,0,0,0,0
18534,1,1,0,0,0,0
18536,0,0,0,0,0,0
18538,1,0,0,0,0,0
18539,0,0,0,0,0,0
18540,1,1,0,0,0,0
18541,1,1,1,1,1,0
18542,0,0,0,0,0,0
18543,0,0,0,0,0,0
18545,1,1,0,0,0,0
18546,0,0,0,0,0,0
18547,1,1,0,0,0,0
18548,1,0,0,0,0,0
18549,0,0,0,0,0,0
18550,0,0,0,0,0,0
18551,1,1,1,0,0,0
18552,0,0,0,0,0,0
18553,0,0,0,0,0,0
18554,1,0,0,0,0,0
18555,1,0,0,0,0,0
18556,1,1,1,1,1,0
18559,0,0,0,0,0,0
18560,0,0,0,0,0,0
18561,1,1,1,1,0,0
18562,1,1,1,1,1,0
18563,0,0,0,0,0,0
18564,0,0,0,0,0,0
18565,0,0,0,0,0,0
18566,0,0,0,0,0,0
18567,1,1,0,0,0,0
18568,0,0,0,0,0,0
18569,1,1,0,0,0,0
18570,1,1,1,0,0,0
18571,0,0,0,0,0,0
18572,1,0,0,0,0,0
18573,1,1,0,0,0,0
18574,1,1,1,1,1,0
18575,1,1,1,1,0,0
18576,1,1,0,0,0,0
18577,0,0,0,0,0,0
18578,0,0,0,0,0,0
18579,1,1,0,0,0,0
18580,0,0,0,0,0,0
18581,0,0,0,0,0,0
18582,0,0,0,0,0,0
18583,1,1,1,1,1,0
18584,1,1,0,0,0,0
18586,1,1,1,0,0,0
18587,1,1,0,0,0,0
18589,1,0,0,0,0,0
18590,0,0,0,0,0,0
18591,0,0,0,0,0,0
18592,1,0,0,0,0,0
18594,0,0,0,0,0,0
18595,1,0,0,0,0,0
18596,1,1,0,0,0,0
18597,0,0,0,0,0,0
18598,0,0,0,0,0,0
18599,0,0,0,0,0,0
18600,1,0,0,0,0,0
18601,0,0,0,0,0,0
18602,0,0,0,0,0,0
18604,1,1,0,0,0,0
18605,0,0,0,0,0,0
18606,0,0,0,0,0,0
18607,1,1,1,1,0,0
18608,0,0,0,0,0,0
18609,1,1,1,0,0,0
18610,0,0,0,0,0,0
18611,1,1,1,1,0,0
18612,0,0,0,0,0,0
18613,1,0,0,0,0,0
18615,0,0,0,0,0,0
18616,0,0,0,0,0,0
18617,1,0,0,0,0,0
18618,1,1,0,0,0,0
18619,0,0,0,0,0,0
18620,0,0,0,0,0,0
18621,0,0,0,0,0,0
18622,1,1,0,0,0,0
18624,1,1,1,0,0,0
18625,0,0,0,0,0,0
18626,0,0,0,0,0,0
18627,1,1,1,1,1,1
18628,1,1,0,0,0,0
18629,0,0,0,0,0,0
18630,0,0,0,0,0,0
18631,0,0,0,0,0,0
18632,1,1,1,1,1,0
18633,0,0,0,0,0,0
18636,0,0,0,0,0,0
18637,0,0,0,0,0,0
18638,0,0,0,0,0,0
18639,0,0,0,0,0,0
18640,1,1,0,0,0,0
18641,0,0,0,0,0,0
18642,0,0,0,0,0,0
18643,1,1,1,1,1,1
18644,0,0,0,0,0,0
18645,0,0,0,0,0,0
18646,0,0,0,0,0,0
18647,1,1,1,0,0,0
18649,1,1,0,0,0,0
18651,1,0,0,0,0,0
18652,1,1,1,1,0,0
18653,1,0,0,0,0,0
18654,1,0,0,0,0,0
18655,1,1,1,1,1,1
18656,0,0,0,0,0,0
18657,1,1,0,0,0,0
18658,0,0,0,0,0,0
18659,0,0,0,0,0,0
18660,0,0,0,0,0,0
18663,1,1,0,0,0,0
18664,0,0,0,0,0,0
18665,1,1,0,0,0,0
18666,0,0,0,0,0,0
18667,0,0,0,0,0,0
18668,0,0,0,0,0,0
18669,0,0,0,0,0,0
18670,1,1,1,1,1,0
18671,0,0,0,0,0,0
18672,0,0,0,0,0,0
18673,0,0,0,0,0,0
18674,1,1,0,0,0,0
18675,0,0,0,0,0,0
18676,0,0,0,0,0,0
18677,0,0,0,0,0,0
18678,0,0,0,0,0,0
18679,1,0,0,0,0,0
18680,1,0,0,0,0,0
18681,1,1,0,0,0,0
18682,0,0,0,0,0,0
18685,0,0,0,0,0,0
18686,0,0,0,0,0,0
18687,1,1,1,1,1,1
18688,0,0,0,0,0,0
18689,1,1,1,0,0,0
18690,1,1,0,0,0,0
18693,0,0,0,0,0,0
18694,1,0,0,0,0,0
18695,0,0,0,0,0,0
18696,0,0,0,0,0,0
18697,0,0,0,0,0,0
18698,1,1,0,0,0,0
18699,0,0,0,0,0,0
18700,0,0,0,0,0,0
18701,1,0,0,0,0,0
18702,0,0,0,0,0,0
18703,1,0,0,0,0,0
18704,1,1,1,1,1,0
18705,1,0,0,0,0,0
18706,1,1,0,0,0,0
18707,1,1,1,0,0,0
18708,0,0,0,0,0,0
18709,0,0,0,0,0,0
18710,0,0,0,0,0,0
18711,0,0,0,0,0,0
18712,1,0,0,0,0,0
18713,1,0,0,0,0,0
18714,0,0,0,0,0,0
18715,0,0,0,0,0,0
18716,0,0,0,0,0,0
18717,1,0,0,0,0,0
18718,0,0,0,0,0,0
18719,1,1,0,0,0,0
18720,1,1,0,0,0,0
18722,1,0,0,0,0,0
18723,0,0,0,0,0,0
18724,0,0,0,0,0,0
18725,0,0,0,0,0,0
18726,1,1,0,0,0,0
18727,1,0,0,0,0,0
18728,0,0,0,0,0,0
18729,1,1,1,1,1,1
18730,0,0,0,0,0,0
18732,0,0,0,0,0,0
18734,1,1,0,0,0,0
18735,1,1,1,1,1,0
18736,1,1,1,0,0,0
18737,0,0,0,0,0,0
18738,1,1,0,0,0,0
18739,0,0,0,0,0,0
18740,1,1,0,0,0,0
18741,0,0,0,0,0,0
18743,1,1,0,0,0,0
18744,0,0,0,0,0,0
18745,0,0,0,0,0,0
18746,0,0,0,0,0,0
18747,1,1,1,0,0,0
18748,0,0,0,0,0,0
18749,1,1,0,0,0,0
18751,0,0,0,0,0,0
18752,0,0,0,0,0,0
18753,1,1,0,0,0,0
18754,1,0,0,0,0,0
18755,0,0,0,0,0,0
18756,0,0,0,0,0,0
18757,1,1,0,0,0,0
18758,0,0,0,0,0,0
18759,0,0,0,0,0,0
18761,0,0,0,0,0,0
18763,0,0,0,0,0,0
18764,0,0,0,0,0,0
18765,1,1,0,0,0,0
18766,1,1,0,0,0,0
18768,1,1,0,0,0,0
18769,0,0,0,0,0,0
18770,1,1,0,0,0,0
18771,0,0,0,0,0,0
18772,1,0,0,0,0,0
18773,1,0,0,0,0,0
18774,1,1,0,0,0,0
18777,1,1,0,0,0,0
18778,1,1,0,0,0,0
18779,1,1,0,0,0,0
18780,0,0,0,0,0,0
18781,0,0,0,0,0,0
18782,0,0,0,0,0,0
18783,0,0,0,0,0,0
18784,1,1,1,1,1,0
18785,1,0,0,0,0,0
18788,1,1,0,0,0,0
18789,1,0,0,0,0,0
18790,0,0,0,0,0,0
18791,0,0,0,0,0,0
18792,0,0,0,0,0,0
18793,1,1,0,0,0,0
18794,0,0,0,0,0,0
18795,0,0,0,0,0,0
18796,1,1,1,0,0,0
18798,1,1,0,0,0,0
18799,0,0,0,0,0,0
18800,1,1,1,1,1,1
18801,0,0,0,0,0,0
18802,0,0,0,0,0,0
18803,0,0,0,0,0,0
18805,0,0,0,0,0,0
18806,1,1,1,0,0,0
18807,0,0,0,0,0,0
18808,0,0,0,0,0,0
18809,1,0,0,0,0,0
18810,1,1,0,0,0,0
18811,0,0,0,0,0,0
18812,1,1,0,0,0,0
18814,0,0,0,0,0,0
18815,1,1,0,0,0,0
18816,0,0,0,0,0,0
18817,1,0,0,0,0,0
18818,1,1,0,0,0,0
18819,0,0,0,0,0,0
18820,0,0,0,0,0,0
18821,1,1,0,0,0,0
18825,0,0,0,0,0,0
18826,0,0,0,0,0,0
18827,1,1,0,0,0,0
18828,0,0,0,0,0,0
18829,0,0,0,0,0,0
18830,1,1,0,0,0,0
18831,0,0,0,0,0,0
18832,0,0,0,0,0,0
18833,1,0,0,0,0,0
18834,1,1,0,0,0,0
18835,1,1,1,0,0,0
18836,0,0,0,0,0,0
18837,0,0,0,0,0,0
18838,0,0,0,0,0,0
18839,1,1,1,1,1,0
18840,1,1,0,0,0,0
18841,0,0,0,0,0,0
18843,1,1,1,1,1,1
18844,0,0,0,0,0,0
18845,1,0,0,0,0,0
18846,0,0,0,0,0,0
18847,1,1,1,1,1,0
18848,0,0,0,0,0,0
18849,0,0,0,0,0,0
18850,1,0,0,0,0,0
18852,1,1,0,0,0,0
18853,0,0,0,0,0,0
18854,1,0,0,0,0,0
18855,1,1,1,1,1,0
18856,0,0,0,0,0,0
18857,1,1,1,1,0,0
18858,1,1,0,0,0,0
18859,0,0,0,0,0,0
18860,0,0,0,0,0,0
18861,0,0,0,0,0,0
18862,0,0,0,0,0,0
18863,0,0,0,0,0,0
18864,1,0,0,0,0,0
18865,0,0,0,0,0,0
18866,0,0,0,0,0,0
18867,1,1,1,1,1,1
18868,1,1,0,0,0,0
18869,0,0,0,0,0,0
18871,0,0,0,0,0,0
18872,1,1,1,1,1,1
18873,1,0,0,0,0,0
18874,0,0,0,0,0,0
18875,0,0,0,0,0,0
18877,0,0,0,0,0,0
18878,1,0,0,0,0,0
18879,1,0,0,0,0,0
18881,1,0,0,0,0,0
18882,0,0,0,0,0,0
18883,1,1,1,0,0,0
18884,1,1,1,1,1,1
18885,0,0,0,0,0,0
18886,0,0,0,0,0,0
18887,1,1,1,1,1,0
18888,1,1,0,0,0,0
18889,1,1,0,0,0,0
18891,1,1,1,1,1,1
18892,0,0,0,0,0,0
18893,0,0,0,0,0,0
18894,0,0,0,0,0,0
18895,1,1,0,0,0,0
18896,1,1,0,0,0,0
18897,0,0,0,0,0,0
18898,0,0,0,0,0,0
18899,0,0,0,0,0,0
18900,0,0,0,0,0,0
18901,0,0,0,0,0,0
18902,1,0,0,0,0,0
18903,0,0,0,0,0,0
18904,0,0,0,0,0,0
18905,1,1,0,0,0,0
18906,1,0,0,0,0,0
18907,0,0,0,0,0,0
18908,0,0,0,0,0,0
18909,1,1,1,1,1,1
18910,1,1,0,0,0,0
18912,1,1,0,0,0,0
18913,0,0,0,0,0,0
18914,1,0,0,0,0,0
18915,1,0,0,0,0,0
18916,0,0,0,0,0,0
18917,0,0,0,0,0,0
18918,1,1,1,1,1,0
18921,0,0,0,0,0,0
18922,0,0,0,0,0,0
18925,1,1,1,0,0,0
18926,0,0,0,0,0,0
18927,0,0,0,0,0,0
18928,1,1,0,0,0,0
18929,0,0,0,0,0,0
18930,0,0,0,0,0,0
18931,1,0,0,0,0,0
18932,1,1,0,0,0,0
18933,1,1,0,0,0,0
18934,1,1,1,0,0,0
18935,0,0,0,0,0,0
18936,0,0,0,0,0,0
18937,1,1,0,0,0,0
18938,1,0,0,0,0,0
18939,1,1,1,1,1,0
18941,1,1,1,1,1,1
18942,0,0,0,0,0,0
18943,0,0,0,0,0,0
18944,0,0,0,0,0,0
18945,0,0,0,0,0,0
18946,0,0,0,0,0,0
18947,1,1,1,1,0,0
18949,1,1,0,0,0,0
18951,1,1,0,0,0,0
18953,0,0,0,0,0,0
18954,0,0,0,0,0,0
18955,1,0,0,0,0,0
18956,1,1,1,1,1,1
18957,0,0,0,0,0,0
18958,1,1,0,0,0,0
18959,0,0,0,0,0,0
18960,0,0,0,0,0,0
18961,1,1,1,1,1,1
18962,1,1,1,1,1,0
18964,1,1,0,0,0,0
18966,1,1,0,0,0,0
18967,1,1,0,0,0,0
18968,0,0,0,0,0,0
18969,0,0,0,0,0,0
18970,1,1,0,0,0,0
18971,0,0,0,0,0,0
18972,1,1,0,0,0,0
18973,1,1,0,0,0,0
18974,0,0,0,0,0,0
18975,1,1,1,1,1,1
18976,0,0,0,0,0,0
18977,1,1,1,1,1,1
18978,0,0,0,0,0,0
18979,1,1,1,0,0,0
18980,1,1,0,0,0,0
18981,1,1,0,0,0,0
18982,1,1,0,0,0,0
18983,1,1,1,1,1,1
18984,1,1,1,1,1,0
18985,1,1,0,0,0,0
18986,0,0,0,0,0,0
18987,1,1,0,0,0,0
18988,0,0,0,0,0,0
18989,1,1,0,0,0,0
18990,0,0,0,0,0,0
18991,0,0,0,0,0,0
18992,1,1,1,0,0,0
18993,0,0,0,0,0,0
18994,1,1,1,1,1,0
18995,1,0,0,0,0,0
18996,1,1,1,1,1,0
18997,1,0,0,0,0,0
18998,0,0,0,0,0,0
18999,0,0,0,0,0,0
19000,1,1,1,1,1,0
19001,1,1,0,0,0,0
19002,0,0,0,0,0,0
19003,0,0,0,0,0,0
19004,0,0,0,0,0,0
19005,1,0,0,0,0,0
19006,0,0,0,0,0,0
19007,0,0,0,0,0,0
19008,1,1,1,1,1,0
19009,0,0,0,0,0,0
19010,0,0,0,0,0,0
19011,0,0,0,0,0,0
19012,0,0,0,0,0,0
19013,1,0,0,0,0,0
19015,1,0,0,0,0,0
19016,0,0,0,0,0,0
19019,1,1,1,0,0,0
19020,0,0,0,0,0,0
19021,0,0,0,0,0,0
19022,1,1,0,0,0,0
19023,1,1,0,0,0,0
19025,0,0,0,0,0,0
19026,1,1,0,0,0,0
19028,1,0,0,0,0,0
19030,1,0,0,0,0,0
19031,1,1,1,0,0,0
19034,1,1,1,1,1,0
19035,1,1,0,0,0,0
19036,0,0,0,0,0,0
19037,1,1,1,1,1,1
19039,1,1,1,1,1,1
19040,0,0,0,0,0,0
19041,1,1,0,0,0,0
19042,0,0,0,0,0,0
19043,0,0,0,0,0,0
19045,1,1,0,0,0,0
19046,1,1,0,0,0,0
19048,0,0,0,0,0,0
19050,1,1,0,0,0,0
19051,0,0,0,0,0,0
19052,0,0,0,0,0,0
19053,1,1,1,1,1,1
19054,0,0,0,0,0,0
19055,0,0,0,0,0,0
19056,0,0,0,0,0,0
19057,0,0,0,0,0,0
19059,0,0,0,0,0,0
19060,0,0,0,0,0,0
19061,1,0,0,0,0,0
19062,0,0,0,0,0,0
19063,0,0,0,0,0,0
19064,1,1,0,0,0,0
19065,0,0,0,0,0,0
19066,0,0,0,0,0,0
19068,1,1,1,1,1,1
19069,1,1,0,0,0,0
19070,0,0,0,0,0,0
19071,1,0,0,0,0,0
19072,0,0,0,0,0,0
19073,0,0,0,0,0,0
19075,1,0,0,0,0,0
19076,1,1,0,0,0,0
19077,0,0,0,0,0,0
19078,0,0,0,0,0,0
19079,0,0,0,0,0,0
19080,0,0,0,0,0,0
19081,1,1,0,0,0,0
19082,0,0,0,0,0,0
19083,1,1,0,0,0,0
19084,0,0,0,0,0,0
19085,0,0,0,0,0,0
19086,1,1,1,1,1,1
19087,1,0,0,0,0,0
19088,0,0,0,0,0,0
19089,1,1,1,0,0,0
19090,0,0,0,0,0,0
19091,1,1,1,1,1,1
19092,1,1,0,0,0,0
19093,0,0,0,0,0,0
19096,1,1,1,1,0,0
19097,1,1,1,0,0,0
19098,0,0,0,0,0,0
19100,0,0,0,0,0,0
19101,1,1,1,1,1,1
19102,1,0,0,0,0,0
19103,1,0,0,0,0,0
19104,1,1,1,1,1,0
19105,0,0,0,0,0,0
19107,1,0,0,0,0,0
19108,0,0,0,0,0,0
19109,0,0,0,0,0,0
19110,0,0,0,0,0,0
19111,0,0,0,0,0,0
19112,1,0,0,0,0,0
19113,1,1,1,1,0,0
19114,0,0,0,0,0,0
19115,1,1,0,0,0,0
19116,1,0,0,0,0,0
19117,0,0,0,0,0,0
19118,0,0,0,0,0,0
19119,0,0,0,0,0,0
19120,0,0,0,0,0,0
19121,0,0,0,0,0,0
19122,1,1,0,0,0,0
19123,1,1,0,0,0,0
19124,0,0,0,0,0,0
19125,0,0,0,0,0,0
19126,0,0,0,0,0,0
19127,0,0,0,0,0,0
19128,0,0,0,0,0,0
19129,1,1,0,0,0,0
19130,1,1,0,0,0,0
19131,0,0,0,0,0,0
19132,0,0,0,0,0,0
19133,0,0,0,0,0,0
19134,1,1,1,1,0,0
19135,0,0,0,0,0,0
19136,0,0,0,0,0,0
19137,0,0,0,0,0,0
19138,0,0,0,0,0,0
19139,1,1,0,0,0,0
19140,1,1,1,0,0,0
19141,0,0,0,0,0,0
19142,0,0,0,0,0,0
19143,0,0,0,0,0,0
19144,1,0,0,0,0,0
19145,0,0,0,0,0,0
19146,0,0,0,0,0,0
19147,0,0,0,0,0,0
19151,0,0,0,0,0,0
19152,0,0,0,0,0,0
19153,1,0,0,0,0,0
19154,1,1,0,0,0,0
19155,1,1,0,0,0,0
19157,0,0,0,0,0,0
19158,1,1,0,0,0,0
19159,1,1,0,0,0,0
19161,0,0,0,0,0,0
19162,1,0,0,0,0,0
19163,1,0,0,0,0,0
19164,1,0,0,0,0,0
19165,0,0,0,0,0,0
19166,0,0,0,0,0,0
19167,1,1,1,0,0,0
19168,0,0,0,0,0,0
19169,0,0,0,0,0,0
19171,1,1,0,0,0,0
19172,0,0,0,0,0,0
19173,0,0,0,0,0,0
19174,1,1,0,0,0,0
19175,1,1,1,1,1,1
19176,0,0,0,0,0,0
19177,1,1,0,0,0,0
19178,0,0,0,0,0,0
19179,0,0,0,0,0,0
19180,0,0,0,0,0,0
19181,0,0,0,0,0,0
19182,1,1,1,0,0,0
19183,0,0,0,0,0,0
19184,0,0,0,0,0,0
19185,0,0,0,0,0,0
19186,0,0,0,0,0,0
19187,0,0,0,0,0,0
19188,1,0,0,0,0,0
19189,0,0,0,0,0,0
19190,0,0,0,0,0,0
19191,0,0,0,0,0,0
19192,1,1,1,1,0,0
19193,1,1,1,0,0,0
19194,0,0,0,0,0,0
19195,1,1,0,0,0,0
19196,1,1,0,0,0,0
19197,1,1,0,0,0,0
19198,0,0,0,0,0,0
19199,1,1,0,0,0,0
19200,1,1,1,1,0,0
19201,1,1,0,0,0,0
19202,0,0,0,0,0,0
19203,0,0,0,0,0,0
19204,0,0,0,0,0,0
19205,0,0,0,0,0,0
19206,1,1,1,0,0,0
19207,1,1,1,0,0,0
19208,0,0,0,0,0,0
19209,0,0,0,0,0,0
19210,0,0,0,0,0,0
19211,0,0,0,0,0,0
19212,1,1,0,0,0,0
19214,1,1,0,0,0,0
19215,0,0,0,0,0,0
19216,0,0,0,0,0,0
19217,1,1,0,0,0,0
19218,0,0,0,0,0,0
19219,0,0,0,0,0,0
19220,0,0,0,0,0,0
19221,0,0,0,0,0,0
19223,1,1,0,0,0,0
19226,1,1,1,0,0,0
19227,1,1,1,1,1,0
19228,0,0,0,0,0,0
19229,0,0,0,0,0,0
19230,1,1,0,0,0,0
19231,1,1,1,0,0,0
19232,0,0,0,0,0,0
19233,0,0,0,0,0,0
19234,0,0,0,0,0,0
19235,0,0,0,0,0,0
19236,1,1,0,0,0,0
19237,0,0,0,0,0,0
19238,0,0,0,0,0,0
19239,0,0,0,0,0,0
19240,1,1,1,1,1,0
19241,0,0,0,0,0,0
19242,0,0,0,0,0,0
19245,0,0,0,0,0,0
19246,1,1,0,0,0,0
19247,0,0,0,0,0,0
19248,0,0,0,0,0,0
19249,0,0,0,0,0,0
19250,0,0,0,0,0,0
19251,0,0,0,0,0,0
19252,0,0,0,0,0,0
19254,1,1,1,0,0,0
19255,1,1,1,1,1,0
19256,0,0,0,0,0,0
19257,1,1,0,0,0,0
19258,0,0,0,0,0,0
19259,0,0,0,0,0,0
19260,1,1,0,0,0,0
19261,1,1,1,1,1,0
19262,0,0,0,0,0,0
19263,1,1,1,0,0,0
19264,0,0,0,0,0,0
19265,1,1,0,0,0,0
19266,1,1,0,0,0,0
19267,0,0,0,0,0,0
19268,1,0,0,0,0,0
19269,0,0,0,0,0,0
19270,0,0,0,0,0,0
19272,0,0,0,0,0,0
19273,0,0,0,0,0,0
19274,0,0,0,0,0,0
19275,0,0,0,0,0,0
19276,0,0,0,0,0,0
19277,0,0,0,0,0,0
19278,0,0,0,0,0,0
19279,1,1,0,0,0,0
19280,1,1,0,0,0,0
19281,0,0,0,0,0,0
19282,1,1,0,0,0,0
19283,0,0,0,0,0,0
19284,1,1,0,0,0,0
19285,1,1,0,0,0,0
19287,0,0,0,0,0,0
19288,0,0,0,0,0,0
19290,0,0,0,0,0,0
19291,0,0,0,0,0,0
19292,0,0,0,0,0,0
19293,0,0,0,0,0,0
19294,1,1,0,0,0,0
19295,1,1,0,0,0,0
19297,0,0,0,0,0,0
19298,1,1,0,0,0,0
19299,0,0,0,0,0,0
19300,1,1,0,0,0,0
19301,0,0,0,0,0,0
19303,1,0,0,0,0,0
19304,1,1,0,0,0,0
19305,0,0,0,0,0,0
19306,1,1,1,1,1,1
19308,0,0,0,0,0,0
19310,1,1,0,0,0,0
19311,1,1,0,0,0,0
19312,1,0,0,0,0,0
19313,1,1,1,1,0,0
19314,0,0,0,0,0,0
19315,1,1,1,1,1,1
19316,1,0,0,0,0,0
19317,1,1,0,0,0,0
19318,1,1,0,0,0,0
19319,0,0,0,0,0,0
19320,1,1,1,1,0,0
19322,0,0,0,0,0,0
19323,0,0,0,0,0,0
19324,0,0,0,0,0,0
19326,0,0,0,0,0,0
19327,0,0,0,0,0,0
19328,1,1,1,0,0,0
19329,1,1,1,0,0,0
19330,1,1,1,1,1,1
19331,0,0,0,0,0,0
19332,0,0,0,0,0,0
19333,1,1,0,0,0,0
19334,0,0,0,0,0,0
19335,1,1,0,0,0,0
19336,0,0,0,0,0,0
19337,1,1,1,0,0,0
19338,1,0,0,0,0,0
19339,1,1,0,0,0,0
19340,1,1,1,0,0,0
19341,1,1,1,0,0,0
19342,0,0,0,0,0,0
19343,1,0,0,0,0,0
19345,1,1,0,0,0,0
19346,0,0,0,0,0,0
19347,0,0,0,0,0,0
19348,0,0,0,0,0,0
19349,1,0,0,0,0,0
19350,1,1,1,0,0,0
19351,0,0,0,0,0,0
19352,1,1,1,1,1,0
19353,0,0,0,0,0,0
19355,1,1,1,0,0,0
19356,0,0,0,0,0,0
19357,0,0,0,0,0,0
19358,0,0,0,0,0,0
19359,1,1,1,1,1,1
19360,0,0,0,0,0,0
19361,0,0,0,0,0,0
19362,1,1,1,1,1,0
19364,1,1,1,0,0,0
19365,0,0,0,0,0,0
19366,1,1,0,0,0,0
19367,1,1,1,0,0,0
19368,0,0,0,0,0,0
19369,0,0,0,0,0,0
19370,1,0,0,0,0,0
19371,0,0,0,0,0,0
19372,1,0,0,0,0,0
19374,0,0,0,0,0,0
19375,1,1,1,1,1,1
19376,0,0,0,0,0,0
19377,1,1,1,0,0,0
19378,0,0,0,0,0,0
19379,1,1,0,0,0,0
19380,0,0,0,0,0,0
19381,0,0,0,0,0,0
19382,1,1,0,0,0,0
19383,0,0,0,0,0,0
19384,1,1,1,1,1,0
19385,1,0,0,0,0,0
19386,0,0,0,0,0,0
19387,1,1,0,0,0,0
19388,0,0,0,0,0,0
19389,0,0,0,0,0,0
19391,1,1,0,0,0,0
19392,0,0,0,0,0,0
19395,1,0,0,0,0,0
19396,0,0,0,0,0,0
19397,1,1,0,0,0,0
19398,1,1,0,0,0,0
19399,1,1,0,0,0,0
19400,0,0,0,0,0,0
19401,0,0,0,0,0,0
19403,1,1,0,0,0,0
19404,1,1,1,0,0,0
19405,1,1,1,1,1,0
19406,1,1,1,1,1,1
19407,0,0,0,0,0,0
19408,0,0,0,0,0,0
19410,0,0,0,0,0,0
19411,1,1,0,0,0,0
19412,0,0,0,0,0,0
19413,0,0,0,0,0,0
19414,0,0,0,0,0,0
19415,1,0,0,0,0,0
19417,0,0,0,0,0,0
19418,0,0,0,0,0,0
19419,1,0,0,0,0,0
19420,1,1,0,0,0,0
19421,0,0,0,0,0,0
19423,1,0,0,0,0,0
19424,0,0,0,0,0,0
19426,0,0,0,0,0,0
19427,0,0,0,0,0,0
19428,1,1,1,1,1,0
19429,0,0,0,0,0,0
19430,1,1,0,0,0,0
19431,1,0,0,0,0,0
19432,1,1,1,1,1,1
19433,0,0,0,0,0,0
19434,1,0,0,0,0,0
19435,0,0,0,0,0,0
19436,1,0,0,0,0,0
19437,1,0,0,0,0,0
19439,0,0,0,0,0,0
19440,1,0,0,0,0,0
19441,1,0,0,0,0,0
19442,1,1,1,1,1,1
19443,1,1,0,0,0,0
19444,1,1,0,0,0,0
19445,1,0,0,0,0,0
19446,1,1,0,0,0,0
19447,0,0,0,0,0,0
19448,0,0,0,0,0,0
19449,1,1,0,0,0,0
19450,1,1,0,0,0,0
19452,1,1,0,0,0,0
19453,1,1,1,0,0,0
19455,0,0,0,0,0,0
19456,1,1,0,0,0,0
19457,1,1,1,0,0,0
19458,0,0,0,0,0,0
19459,1,1,1,0,0,0
19460,0,0,0,0,0,0
19461,0,0,0,0,0,0
19462,0,0,0,0,0,0
19464,1,1,0,0,0,0
19465,1,0,0,0,0,0
19466,1,1,1,1,1,0
19467,0,0,0,0,0,0
19469,1,0,0,0,0,0
19471,0,0,0,0,0,0
19472,0,0,0,0,0,0
19473,1,1,1,0,0,0
19474,0,0,0,0,0,0
19475,1,1,1,1,1,0
19476,1,1,0,0,0,0
19477,1,1,1,0,0,0
19478,1,1,1,1,1,1
19479,1,0,0,0,0,0
19482,0,0,0,0,0,0
19483,1,1,0,0,0,0
19484,1,1,0,0,0,0
19485,0,0,0,0,0,0
19487,1,1,0,0,0,0
19488,0,0,0,0,0,0
19489,1,0,0,0,0,0
19492,1,1,1,0,0,0
19493,0,0,0,0,0,0
19494,1,1,0,0,0,0
19495,0,0,0,0,0,0
19496,0,0,0,0,0,0
19497,0,0,0,0,0,0
19498,0,0,0,0,0,0
19499,1,1,1,1,1,0
19500,0,0,0,0,0,0
19501,0,0,0,0,0,0
19502,1,1,0,0,0,0
19504,1,1,1,0,0,0
19505,0,0,0,0,0,0
19506,0,0,0,0,0,0
19507,0,0,0,0,0,0
19508,1,0,0,0,0,0
19509,1,0,0,0,0,0
19510,1,1,1,1,0,0
19512,0,0,0,0,0,0
19513,0,0,0,0,0,0
19514,1,1,1,0,0,0
19515,0,0,0,0,0,0
19516,0,0,0,0,0,0
19517,1,1,0,0,0,0
19518,0,0,0,0,0,0
19519,1,1,0,0,0,0
19520,0,0,0,0,0,0
19521,1,1,1,1,0,0
19522,0,0,0,0,0,0
19523,0,0,0,0,0,0
19525,0,0,0,0,0,0
19526,0,0,0,0,0,0
19527,1,1,1,0,0,0
19528,1,1,0,0,0,0
19529,1,1,1,0,0,0
19531,1,1,0,0,0,0
19532,0,0,0,0,0,0
19534,1,1,0,0,0,0
19535,0,0,0,0,0,0
19536,1,1,1,1,1,0
19537,0,0,0,0,0,0
19538,1,1,0,0,0,0
19540,1,1,1,1,1,0
19541,0,0,0,0,0,0
19542,0,0,0,0,0,0
19543,0,0,0,0,0,0
19544,1,0,0,0,0,0
19546,1,1,0,0,0,0
19547,1,0,0,0,0,0
19548,1,1,1,1,0,0
19549,1,1,1,0,0,0
19550,0,0,0,0,0,0
19551,1,1,1,1,1,1
19552,0,0,0,0,0,0
19553,1,1,0,0,0,0
19554,0,0,0,0,0,0
19555,1,0,0,0,0,0
19556,0,0,0,0,0,0
19557,1,0,0,0,0,0
19558,1,0,0,0,0,0
19559,1,1,1,0,0,0
19560,1,1,1,1,1,1
19561,1,1,1,1,1,1
19562,0,0,0,0,0,0
19563,1,0,0,0,0,0
19564,1,0,0,0,0,0
19565,1,0,0,0,0,0
19566,0,0,0,0,0,0
19567,1,1,1,1,1,0
19568,0,0,0,0,0,0
19569,1,1,1,0,0,0
19570,1,1,1,1,1,1
19571,0,0,0,0,0,0
19572,0,0,0,0,0,0
19573,0,0,0,0,0,0
19575,1,1,1,1,1,0
19576,0,0,0,0,0,0
19577,1,0,0,0,0,0
19578,1,1,1,1,1,1
19579,0,0,0,0,0,0
19580,1,1,1,0,0,0
19582,1,1,0,0,0,0
19584,1,0,0,0,0,0
19585,0,0,0,0,0,0
19586,1,0,0,0,0,0
19587,1,1,1,1,0,0
19589,1,0,0,0,0,0
19590,1,1,0,0,0,0
19591,0,0,0,0,0,0
19592,1,1,1,0,0,0
19593,1,1,0,0,0,0
19594,1,0,0,0,0,0
19595,0,0,0,0,0,0
19596,1,1,0,0,0,0
19598,1,1,1,1,1,0
19599,0,0,0,0,0,0
19600,0,0,0,0,0,0
19601,0,0,0,0,0,0
19602,0,0,0,0,0,0
19603,0,0,0,0,0,0
19604,1,0,0,0,0,0
19606,0,0,0,0,0,0
19607,1,1,1,1,1,1
19608,1,1,1,1,1,0
19609,1,1,0,0,0,0
19610,0,0,0,0,0,0
19611,0,0,0,0,0,0
19613,0,0,0,0,0,0
19614,0,0,0,0,0,0
19615,0,0,0,0,0,0
19616,0,0,0,0,0,0
19617,0,0,0,0,0,0
19618,1,1,1,0,0,0
19619,1,1,1,0,0,0
19620,0,0,0,0,0,0
19621,1,1,0,0,0,0
19623,0,0,0,0,0,0
19624,0,0,0,0,0,0
19626,0,0,0,0,0,0
19627,1,0,0,0,0,0
19628,1,1,0,0,0,0
19629,0,0,0,0,0,0
19630,0,0,0,0,0,0
19631,1,0,0,0,0,0
19632,1,0,0,0,0,0
19633,0,0,0,0,0,0
19634,1,1,1,1,0,0
19635,0,0,0,0,0,0
19636,1,0,0,0,0,0
19637,1,1,1,1,1,0
19638,0,0,0,0,0,0
19639,1,1,0,0,0,0
19640,0,0,0,0,0,0
19641,0,0,0,0,0,0
19642,0,0,0,0,0,0
19644,1,0,0,0,0,0
19645,0,0,0,0,0,0
19646,1,1,1,0,0,0
19647,1,0,0,0,0,0
19649,0,0,0,0,0,0
19650,0,0,0,0,0,0
19651,0,0,0,0,0,0
19652,0,0,0,0,0,0
19653,0,0,0,0,0,0
19654,1,0,0,0,0,0
19655,1,0,0,0,0,0
19656,1,0,0,0,0,0
19657,0,0,0,0,0,0
19658,0,0,0,0,0,0
19659,0,0,0,0,0,0
19660,0,0,0,0,0,0
19661,1,0,0,0,0,0
19662,0,0,0,0,0,0
19663,0,0,0,0,0,0
19664,1,1,1,1,1,0
19667,1,0,0,0,0,0
19668,0,0,0,0,0,0
19670,1,0,0,0,0,0
19671,1,1,0,0,0,0
19672,1,0,0,0,0,0
19673,1,0,0,0,0,0
19674,1,1,1,0,0,0
19675,1,0,0,0,0,0
19676,1,1,0,0,0,0
19677,0,0,0,0,0,0
19679,1,1,0,0,0,0
19680,0,0,0,0,0,0
19682,1,1,0,0,0,0
19683,0,0,0,0,0,0
19684,0,0,0,0,0,0
19685,1,0,0,0,0,0
19687,0,0,0,0,0,0
19688,1,1,0,0,0,0
19689,1,0,0,0,0,0
19691,0,0,0,0,0,0
19692,0,0,0,0,0,0
19693,0,0,0,0,0,0
19694,1,1,0,0,0,0
19695,1,1,1,1,1,1
19696,0,0,0,0,0,0
19697,1,0,0,0,0,0
19698,1,0,0,0,0,0
19699,0,0,0,0,0,0
19700,0,0,0,0,0,0
19701,1,0,0,0,0,0
19702,1,0,0,0,0,0
19703,1,1,1,0,0,0
19704,1,1,1,0,0,0
19705,0,0,0,0,0,0
19707,0,0,0,0,0,0
19708,1,1,1,1,1,0
19709,0,0,0,0,0,0
19711,1,1,0,0,0,0
19712,0,0,0,0,0,0
19713,0,0,0,0,0,0
19714,1,1,0,0,0,0
19715,0,0,0,0,0,0
19716,0,0,0,0,0,0
19717,0,0,0,0,0,0
19718,0,0,0,0,0,0
19719,1,1,0,0,0,0
19722,1,1,1,1,1,1
19723,1,1,0,0,0,0
19724,1,1,0,0,0,0
19725,0,0,0,0,0,0
19726,1,1,0,0,0,0
19727,1,1,0,0,0,0
19728,1,1,0,0,0,0
19729,0,0,0,0,0,0
19730,1,1,0,0,0,0
19731,0,0,0,0,0,0
19732,0,0,0,0,0,0
19733,1,0,0,0,0,0
19735,0,0,0,0,0,0
19736,1,1,0,0,0,0
19737,1,1,1,1,1,1
19738,1,0,0,0,0,0
19739,1,1,1,0,0,0
19740,0,0,0,0,0,0
19741,0,0,0,0,0,0
19742,0,0,0,0,0,0
19743,1,1,0,0,0,0
19744,0,0,0,0,0,0
19745,1,1,1,0,0,0
19746,1,1,0,0,0,0
19747,0,0,0,0,0,0
19748,1,0,0,0,0,0
19749,1,1,0,0,0,0
19750,1,0,0,0,0,0
19751,0,0,0,0,0,0
19752,0,0,0,0,0,0
19753,0,0,0,0,0,0
19754,0,0,0,0,0,0
19755,0,0,0,0,0,0
19756,0,0,0,0,0,0
19757,0,0,0,0,0,0
19760,1,0,0,0,0,0
19761,0,0,0,0,0,0
19763,1,1,1,1,1,0
19764,1,1,0,0,0,0
19765,0,0,0,0,0,0
19766,1,0,0,0,0,0
19768,1,0,0,0,0,0
19769,1,0,0,0,0,0
19770,0,0,0,0,0,0
19771,1,1,0,0,0,0
19772,1,1,0,0,0,0
19774,0,0,0,0,0,0
19775,1,0,0,0,0,0
19776,1,0,0,0,0,0
19777,0,0,0,0,0,0
19778,1,0,0,0,0,0
19780,0,0,0,0,0,0
19782,1,1,0,0,0,0
19783,1,0,0,0,0,0
19784,1,1,1,1,1,1
19785,0,0,0,0,0,0
19786,1,1,1,0,0,0
19787,0,0,0,0,0,0
19789,1,0,0,0,0,0
19790,0,0,0,0,0,0
19791,0,0,0,0,0,0
19792,0,0,0,0,0,0
19793,1,1,1,1,1,0
19794,0,0,0,0,0,0
19796,1,1,0,0,0,0
19797,0,0,0,0,0,0
19799,1,1,1,1,0,0
19800,0,0,0,0,0,0
19802,0,0,0,0,0,0
19803,1,1,0,0,0,0
19804,0,0,0,0,0,0
19806,0,0,0,0,0,0
19807,1,1,0,0,0,0
19808,0,0,0,0,0,0
19809,0,0,0,0,0,0
19810,0,0,0,0,0,0
19811,0,0,0,0,0,0
19812,1,0,0,0,0,0
19813,1,1,0,0,0,0
19814,1,1,0,0,0,0
19815,0,0,0,0,0,0
19816,1,1,0,0,0,0
19817,1,0,0,0,0,0
19818,0,0,0,0,0,0
19819,1,1,0,0,0,0
19820,0,0,0,0,0,0
19821,1,1,1,1,1,0
19823,0,0,0,0,0,0
19824,0,0,0,0,0,0
19825,1,0,0,0,0,0
19826,0,0,0,0,0,0
19827,1,1,0,0,0,0
19828,1,1,0,0,0,0
19829,0,0,0,0,0,0
19830,0,0,0,0,0,0
19831,1,1,0,0,0,0
19832,0,0,0,0,0,0
19834,1,1,1,1,1,0
19835,1,1,0,0,0,0
19836,1,1,1,1,0,0
19837,1,1,0,0,0,0
19838,0,0,0,0,0,0
19839,1,1,0,0,0,0
19840,0,0,0,0,0,0
19841,1,1,1,1,1,1
19842,0,0,0,0,0,0
19843,1,0,0,0,0,0
19844,1,1,0,0,0,0
19845,0,0,0,0,0,0
19847,0,0,0,0,0,0
19848,0,0,0,0,0,0
19849,0,0,0,0,0,0
19850,1,1,1,1,1,1
19851,0,0,0,0,0,0
19853,1,0,0,0,0,0
19854,1,0,0,0,0,0
19855,1,0,0,0,0,0
19856,1,1,1,1,1,1
19857,0,0,0,0,0,0
19858,1,0,0,0,0,0
19859,1,1,0,0,0,0
19860,0,0,0,0,0,0
19861,1,1,1,0,0,0
19862,1,1,1,1,1,1
19863,1,1,0,0,0,0
19864,0,0,0,0,0,0
19865,0,0,0,0,0,0
19866,0,0,0,0,0,0
19867,0,0,0,0,0,0
19869,0,0,0,0,0,0
19870,1,1,0,0,0,0
19872,0,0,0,0,0,0
19873,1,1,0,0,0,0
19874,0,0,0,0,0,0
19875,0,0,0,0,0,0
19876,1,1,1,1,1,0
19877,0,0,0,0,0,0
19878,0,0,0,0,0,0
19879,1,0,0,0,0,0
19880,1,1,0,0,0,0
19882,1,0,0,0,0,0
19883,0,0,0,0,0,0
19884,1,1,0,0,0,0
19885,1,1,0,0,0,0
19886,1,1,0,0,0,0
19887,0,0,0,0,0,0
19889,1,1,0,0,0,0
19890,0,0,0,0,0,0
19891,0,0,0,0,0,0
19893,0,0,0,0,0,0
19894,0,0,0,0,0,0
19895,1,1,0,0,0,0
19896,1,1,0,0,0,0
19897,1,1,0,0,0,0
19898,0,0,0,0,0,0
19899,1,1,1,1,1,0
19901,0,0,0,0,0,0
19902,1,0,0,0,0,0
19903,1,1,0,0,0,0
19904,1,0,0,0,0,0
19905,1,0,0,0,0,0
19906,1,1,0,0,0,0
19907,0,0,0,0,0,0
19908,1,0,0,0,0,0
19910,0,0,0,0,0,0
19911,1,1,0,0,0,0
19912,0,0,0,0,0,0
19913,0,0,0,0,0,0
19915,0,0,0,0,0,0
19916,1,1,1,1,0,0
19918,1,1,0,0,0,0
19919,0,0,0,0,0,0
19920,1,1,1,1,1,1
19921,1,1,0,0,0,0
19922,1,1,0,0,0,0
19923,1,0,0,0,0,0
19925,0,0,0,0,0,0
19926,1,1,1,1,1,0
19927,0,0,0,0,0,0
19928,1,0,0,0,0,0
19930,1,1,0,0,0,0
19931,1,1,1,0,0,0
19932,1,1,1,0,0,0
19933,0,0,0,0,0,0
19934,0,0,0,0,0,0
19936,0,0,0,0,0,0
19938,0,0,0,0,0,0
19939,0,0,0,0,0,0
19940,0,0,0,0,0,0
19941,0,0,0,0,0,0
19942,0,0,0,0,0,0
19943,0,0,0,0,0,0
19944,0,0,0,0,0,0
19945,1,1,1,1,1,1
19946,0,0,0,0,0,0
19947,1,1,0,0,0,0
19948,1,1,1,0,0,0
19949,0,0,0,0,0,0
19950,0,0,0,0,0,0
19951,1,1,0,0,0,0
19953,0,0,0,0,0,0
19954,1,1,0,0,0,0
19955,0,0,0,0,0,0
19956,0,0,0,0,0,0
19958,0,0,0,0,0,0
19959,0,0,0,0,0,0
19960,0,0,0,0,0,0
19961,1,0,0,0,0,0
19962,0,0,0,0,0,0
19963,1,1,0,0,0,0
19964,0,0,0,0,0,0
19965,0,0,0,0,0,0
19968,1,1,0,0,0,0
19969,1,1,0,0,0,0
19970,1,0,0,0,0,0
19971,1,0,0,0,0,0
19972,1,1,0,0,0,0
19973,1,1,0,0,0,0
19974,0,0,0,0,0,0
19975,1,1,1,1,1,0
19976,1,1,1,0,0,0
19978,0,0,0,0,0,0
19980,1,0,0,0,0,0
19982,0,0,0,0,0,0
19984,1,1,0,0,0,0
19985,1,1,0,0,0,0
19986,1,0,0,0,0,0
19987,1,1,1,1,1,1
19989,1,0,0,0,0,0
19991,0,0,0,0,0,0
19992,0,0,0,0,0,0
19994,0,0,0,0,0,0
19995,0,0,0,0,0,0
19998,0,0,0,0,0,0
20000,1,1,0,0,0,0
20001,0,0,0,0,0,0
20002,0,0,0,0,0,0
20005,1,1,0,0,0,0
20006,0,0,0,0,0,0
20007,0,0,0,0,0,0
20009,1,1,0,0,0,0
20010,0,0,0,0,0,0
20011,0,0,0,0,0,0
20012,1,1,0,0,0,0
20015,1,1,1,1,0,0
20016,0,0,0,0,0,0
20018,0,0,0,0,0,0
20019,1,1,1,1,1,1
20020,1,1,0,0,0,0
20021,1,1,0,0,0,0
20022,1,0,0,0,0,0
20023,1,1,0,0,0,0
20024,0,0,0,0,0,0
20025,1,0,0,0,0,0
20027,1,1,0,0,0,0
20028,1,0,0,0,0,0
20029,1,1,0,0,0,0
20031,0,0,0,0,0,0
20032,0,0,0,0,0,0
20034,1,1,0,0,0,0
20035,0,0,0,0,0,0
20036,0,0,0,0,0,0
20037,1,1,0,0,0,0
20038,0,0,0,0,0,0
20039,1,1,0,0,0,0
20040,0,0,0,0,0,0
20041,0,0,0,0,0,0
20042,0,0,0,0,0,0
20044,0,0,0,0,0,0
20045,0,0,0,0,0,0
20046,0,0,0,0,0,0
20048,1,1,0,0,0,0
20049,0,0,0,0,0,0
20050,1,0,0,0,0,0
20051,0,0,0,0,0,0
20052,0,0,0,0,0,0
20053,1,0,0,0,0,0
20054,0,0,0,0,0,0
20055,0,0,0,0,0,0
20056,0,0,0,0,0,0
20057,1,0,0,0,0,0
20058,1,1,1,0,0,0
20059,0,0,0,0,0,0
20060,1,0,0,0,0,0
20061,1,1,0,0,0,0
20062,1,0,0,0,0,0
20064,1,1,0,0,0,0
20065,0,0,0,0,0,0
20066,1,0,0,0,0,0
20067,0,0,0,0,0,0
20069,1,1,0,0,0,0
20070,1,1,0,0,0,0
20071,1,1,1,1,0,0
20072,0,0,0,0,0,0
20073,0,0,0,0,0,0
20074,0,0,0,0,0,0
20076,0,0,0,0,0,0
20077,0,0,0,0,0,0
20078,0,0,0,0,0,0
20079,1,1,0,0,0,0
20080,1,0,0,0,0,0
20081,0,0,0,0,0,0
20082,0,0,0,0,0,0
20083,0,0,0,0,0,0
20085,0,0,0,0,0,0
20088,0,0,0,0,0,0
20089,0,0,0,0,0,0
20090,0,0,0,0,0,0
20091,0,0,0,0,0,0
20092,1,1,0,0,0,0
20093,0,0,0,0,0,0
20094,1,1,0,0,0,0
20095,0,0,0,0,0,0
20096,0,0,0,0,0,0
20097,0,0,0,0,0,0
20099,0,0,0,0,0,0
20100,0,0,0,0,0,0
20102,1,0,0,0,0,0
20103,0,0,0,0,0,0
20104,0,0,0,0,0,0
20106,1,1,0,0,0,0
20108,1,0,0,0,0,0
20109,1,1,0,0,0,0
20110,0,0,0,0,0,0
20111,1,1,1,1,1,0
20112,1,1,0,0,0,0
20113,0,0,0,0,0,0
20115,0,0,0,0,0,0
20116,0,0,0,0,0,0
20117,0,0,0,0,0,0
20118,1,1,1,0,0,0
20119,1,1,1,1,1,0
20120,0,0,0,0,0,0
20121,1,1,0,0,0,0
20124,1,0,0,0,0,0
20125,0,0,0,0,0,0
20127,0,0,0,0,0,0
20128,0,0,0,0,0,0
20129,1,1,1,1,1,1
20131,0,0,0,0,0,0
20132,1,1,0,0,0,0
20133,1,1,0,0,0,0
20134,0,0,0,0,0,0
20136,0,0,0,0,0,0
20137,1,1,0,0,0,0
20138,0,0,0,0,0,0
20139,0,0,0,0,0,0
20140,1,1,0,0,0,0
20142,1,1,1,1,1,1
20144,0,0,0,0,0,0
20145,1,1,0,0,0,0
20146,0,0,0,0,0,0
20147,0,0,0,0,0,0
20148,1,0,0,0,0,0
20149,0,0,0,0,0,0
20150,0,0,0,0,0,0
20151,1,1,0,0,0,0
20152,0,0,0,0,0,0
20153,1,1,0,0,0,0
20154,1,1,0,0,0,0
20155,0,0,0,0,0,0
20156,1,1,0,0,0,0
20157,0,0,0,0,0,0
20158,0,0,0,0,0,0
20159,0,0,0,0,0,0
20160,1,0,0,0,0,0
20161,1,1,0,0,0,0
20162,1,1,0,0,0,0
20163,0,0,0,0,0,0
20164,1,1,1,1,1,0
20165,1,0,0,0,0,0
20167,0,0,0,0,0,0
20168,1,1,0,0,0,0
20169,0,0,0,0,0,0
20170,0,0,0,0,0,0
20171,0,0,0,0,0,0
20172,0,0,0,0,0,0
20173,1,0,0,0,0,0
20174,1,0,0,0,0,0
20175,1,1,0,0,0,0
20176,1,1,0,0,0,0
20178,0,0,0,0,0,0
20180,1,1,1,1,1,1
20181,1,1,1,1,0,0
20182,0,0,0,0,0,0
20183,1,0,0,0,0,0
20184,0,0,0,0,0,0
20185,1,1,1,0,0,0
20186,1,1,0,0,0,0
20187,0,0,0,0,0,0
20188,1,1,0,0,0,0
20189,1,0,0,0,0,0
20191,0,0,0,0,0,0
20192,0,0,0,0,0,0
20194,0,0,0,0,0,0
20195,1,1,1,1,1,0
20196,0,0,0,0,0,0
20197,0,0,0,0,0,0
20199,1,1,0,0,0,0
20200,0,0,0,0,0,0
20202,0,0,0,0,0,0
20203,0,0,0,0,0,0
20204,0,0,0,0,0,0
20205,0,0,0,0,0,0
20206,0,0,0,0,0,0
20207,0,0,0,0,0,0
20208,0,0,0,0,0,0
20209,1,1,1,0,0,0
20210,0,0,0,0,0,0
20211,0,0,0,0,0,0
20212,1,1,1,1,1,0
20213,0,0,0,0,0,0
20214,0,0,0,0,0,0
20215,0,0,0,0,0,0
20217,1,1,0,0,0,0
20218,0,0,0,0,0,0
20219,0,0,0,0,0,0
20220,1,1,0,0,0,0
20221,0,0,0,0,0,0
20223,1,1,0,0,0,0
20224,1,1,0,0,0,0
20225,0,0,0,0,0,0
20226,0,0,0,0,0,0
20227,1,1,0,0,0,0
20228,0,0,0,0,0,0
20229,1,1,0,0,0,0
20231,1,1,0,0,0,0
20232,1,1,1,1,1,0
20233,1,0,0,0,0,0
20234,1,1,0,0,0,0
20236,0,0,0,0,0,0
20237,0,0,0,0,0,0
20238,0,0,0,0,0,0
20239,1,1,1,1,1,0
20240,1,0,0,0,0,0
20241,1,1,0,0,0,0
20242,1,1,0,0,0,0
20243,1,1,1,1,0,0
20244,0,0,0,0,0,0
20245,0,0,0,0,0,0
20246,1,0,0,0,0,0
20247,1,1,1,1,0,0
20248,0,0,0,0,0,0
20250,0,0,0,0,0,0
20251,0,0,0,0,0,0
20252,0,0,0,0,0,0
20253,1,1,1,1,1,0
20255,0,0,0,0,0,0
20256,1,1,1,1,0,0
20257,0,0,0,0,0,0
20258,0,0,0,0,0,0
20259,1,1,1,1,0,0
20260,0,0,0,0,0,0
20261,1,1,0,0,0,0
20263,0,0,0,0,0,0
20264,1,1,0,0,0,0
20266,0,0,0,0,0,0
20267,1,1,0,0,0,0
20269,0,0,0,0,0,0
20271,0,0,0,0,0,0
20272,1,1,0,0,0,0
20273,1,0,0,0,0,0
20274,1,1,0,0,0,0
20276,0,0,0,0,0,0
20277,1,1,0,0,0,0
20278,0,0,0,0,0,0
20279,0,0,0,0,0,0
20281,0,0,0,0,0,0
20282,0,0,0,0,0,0
20283,1,1,0,0,0,0
20285,0,0,0,0,0,0
20287,0,0,0,0,0,0
20288,1,1,0,0,0,0
20289,1,1,1,1,1,1
20290,0,0,0,0,0,0
20291,1,1,0,0,0,0
20293,1,1,0,0,0,0
20294,1,0,0,0,0,0
20295,0,0,0,0,0,0
20296,0,0,0,0,0,0
20297,1,1,0,0,0,0
20298,0,0,0,0,0,0
20299,1,0,0,0,0,0
20300,0,0,0,0,0,0
20302,1,1,0,0,0,0
20303,0,0,0,0,0,0
20304,0,0,0,0,0,0
20305,0,0,0,0,0,0
20306,0,0,0,0,0,0
20307,0,0,0,0,0,0
20308,1,1,0,0,0,0
20309,1,0,0,0,0,0
20310,0,0,0,0,0,0
20311,0,0,0,0,0,0
20312,0,0,0,0,0,0
20314,0,0,0,0,0,0
20315,1,0,0,0,0,0
20316,0,0,0,0,0,0
20317,1,1,1,0,0,0
20319,0,0,0,0,0,0
20320,1,1,0,0,0,0
20321,0,0,0,0,0,0
20322,0,0,0,0,0,0
20324,0,0,0,0,0,0
20325,0,0,0,0,0,0
20326,1,1,0,0,0,0
20327,0,0,0,0,0,0
20329,0,0,0,0,0,0
20330,1,1,1,0,0,0
20331,0,0,0,0,0,0
20332,0,0,0,0,0,0
20333,0,0,0,0,0,0
20334,0,0,0,0,0,0
20335,1,0,0,0,0,0
20336,0,0,0,0,0,0
20337,0,0,0,0,0,0
20339,0,0,0,0,0,0
20340,0,0,0,0,0,0
20342,1,1,1,1,0,0
20343,0,0,0,0,0,0
20344,1,0,0,0,0,0
20345,0,0,0,0,0,0
20346,0,0,0,0,0,0
20348,1,1,0,0,0,0
20349,0,0,0,0,0,0
20351,0,0,0,0,0,0
20352,0,0,0,0,0,0
20354,1,1,1,1,1,1
20355,0,0,0,0,0,0
20356,0,0,0,0,0,0
20357,0,0,0,0,0,0
20358,1,1,1,1,1,0
20359,1,1,0,0,0,0
20360,1,1,0,0,0,0
20361,0,0,0,0,0,0
20364,1,1,1,1,1,1
20365,0,0,0,0,0,0
20366,0,0,0,0,0,0
20368,1,1,1,0,0,0
20369,1,1,1,0,0,0
20370,1,1,1,1,0,0
20372,0,0,0,0,0,0
20373,0,0,0,0,0,0
20375,0,0,0,0,0,0
20376,1,1,1,1,1,0
20377,0,0,0,0,0,0
20378,1,1,0,0,0,0
20379,0,0,0,0,0,0
20381,0,0,0,0,0,0
20382,0,0,0,0,0,0
20383,1,1,1,0,0,0
20384,1,0,0,0,0,0
20385,0,0,0,0,0,0
20386,1,1,0,0,0,0
20387,1,1,0,0,0,0
20388,1,0,0,0,0,0
20389,1,0,0,0,0,0
20391,1,1,0,0,0,0
20392,1,0,0,0,0,0
20393,0,0,0,0,0,0
20395,1,1,0,0,0,0
20396,0,0,0,0,0,0
20397,0,0,0,0,0,0
20398,0,0,0,0,0,0
20399,0,0,0,0,0,0
20400,1,1,0,0,0,0
20401,0,0,0,0,0,0
20403,0,0,0,0,0,0
20404,0,0,0,0,0,0
20405,0,0,0,0,0,0
20406,0,0,0,0,0,0
20407,0,0,0,0,0,0
20408,1,0,0,0,0,0
20409,1,1,0,0,0,0
20411,1,1,0,0,0,0
20412,1,1,1,0,0,0
20414,0,0,0,0,0,0
20415,1,1,1,1,1,0
20416,1,1,0,0,0,0
20417,1,1,0,0,0,0
20418,1,1,0,0,0,0
20419,0,0,0,0,0,0
20420,0,0,0,0,0,0
20422,1,1,0,0,0,0
20423,0,0,0,0,0,0
20425,1,1,0,0,0,0
20426,1,0,0,0,0,0
20427,0,0,0,0,0,0
20428,1,1,0,0,0,0
20429,0,0,0,0,0,0
20430,0,0,0,0,0,0
20431,0,0,0,0,0,0
20432,0,0,0,0,0,0
20433,1,1,1,1,0,0
20434,1,1,0,0,0,0
20436,1,0,0,0,0,0
20437,0,0,0,0,0,0
20438,1,1,0,0,0,0
20439,0,0,0,0,0,0
20440,0,0,0,0,0,0
20441,1,1,0,0,0,0
20443,0,0,0,0,0,0
20444,0,0,0,0,0,0
20445,0,0,0,0,0,0
20446,1,1,1,1,0,0
20447,1,0,0,0,0,0
20448,0,0,0,0,0,0
20449,1,1,0,0,0,0
20450,1,1,0,0,0,0
20451,0,0,0,0,0,0
20452,0,0,0,0,0,0
20453,1,1,0,0,0,0
20454,1,0,0,0,0,0
20455,0,0,0,0,0,0
20456,0,0,0,0,0,0
20457,0,0,0,0,0,0
20458,1,1,0,0,0,0
20459,1,1,1,0,0,0
20460,0,0,0,0,0,0
20461,1,1,0,0,0,0
20462,0,0,0,0,0,0
20463,1,1,1,1,1,0
20464,1,1,0,0,0,0
20465,1,1,0,0,0,0
20466,0,0,0,0,0,0
20467,0,0,0,0,0,0
20468,0,0,0,0,0,0
20469,0,0,0,0,0,0
20470,1,1,0,0,0,0
20471,0,0,0,0,0,0
20472,1,0,0,0,0,0
20474,1,0,0,0,0,0
20475,1,1,1,0,0,0
20477,0,0,0,0,0,0
20478,1,1,1,1,1,0
20479,1,1,0,0,0,0
20481,1,1,0,0,0,0
20482,0,0,0,0,0,0
20483,1,1,0,0,0,0
20484,1,1,0,0,0,0
20485,0,0,0,0,0,0
20486,1,1,0,0,0,0
20487,1,1,1,0,0,0
20488,0,0,0,0,0,0
20490,0,0,0,0,0,0
20491,1,0,0,0,0,0
20492,1,1,1,1,1,1
20493,1,1,0,0,0,0
20494,1,1,1,1,1,0
20495,1,0,0,0,0,0
20496,0,0,0,0,0,0
20497,1,1,0,0,0,0
20498,1,1,0,0,0,0
20499,1,1,0,0,0,0
20500,1,1,0,0,0,0
20502,1,0,0,0,0,0
20503,1,1,0,0,0,0
20504,1,1,0,0,0,0
20505,0,0,0,0,0,0
20507,0,0,0,0,0,0
20508,0,0,0,0,0,0
20509,1,1,1,1,1,0
20510,1,0,0,0,0,0
20512,0,0,0,0,0,0
20513,0,0,0,0,0,0
20514,0,0,0,0,0,0
20515,1,0,0,0,0,0
20516,0,0,0,0,0,0
20517,0,0,0,0,0,0
20518,1,0,0,0,0,0
20519,1,0,0,0,0,0
20520,1,1,1,0,0,0
20521,0,0,0,0,0,0
20522,0,0,0,0,0,0
20524,1,1,1,0,0,0
20525,0,0,0,0,0,0
20526,1,0,0,0,0,0
20527,0,0,0,0,0,0
20529,1,1,0,0,0,0
20530,1,0,0,0,0,0
20531,1,0,0,0,0,0
20532,0,0,0,0,0,0
20533,0,0,0,0,0,0
20536,1,1,0,0,0,0
20538,0,0,0,0,0,0
20539,0,0,0,0,0,0
20540,1,1,0,0,0,0
20541,0,0,0,0,0,0
20542,0,0,0,0,0,0
20543,0,0,0,0,0,0
20544,0,0,0,0,0,0
20545,1,1,0,0,0,0
20546,0,0,0,0,0,0
20547,1,1,0,0,0,0
20548,1,0,0,0,0,0
20549,0,0,0,0,0,0
20552,1,1,1,0,0,0
20554,0,0,0,0,0,0
20555,0,0,0,0,0,0
20556,0,0,0,0,0,0
20557,0,0,0,0,0,0
20558,1,1,1,0,0,0
20559,1,1,0,0,0,0
20560,1,1,0,0,0,0
20562,1,1,1,1,1,0
20563,1,1,1,1,1,0
20564,1,1,1,1,1,0
20567,0,0,0,0,0,0
20569,0,0,0,0,0,0
20570,1,1,1,1,1,0
20571,1,1,0,0,0,0
20572,1,1,0,0,0,0
20574,0,0,0,0,0,0
20577,0,0,0,0,0,0
20578,1,0,0,0,0,0
20579,0,0,0,0,0,0
20580,1,1,1,0,0,0
20581,0,0,0,0,0,0
20582,0,0,0,0,0,0
20583,1,1,1,1,1,1
20584,0,0,0,0,0,0
20586,0,0,0,0,0,0
20587,0,0,0,0,0,0
20588,0,0,0,0,0,0
20589,0,0,0,0,0,0
20590,0,0,0,0,0,0
20593,1,1,1,1,1,0
20594,1,1,0,0,0,0
20595,1,1,1,1,1,1
20596,1,1,0,0,0,0
20597,1,1,1,1,1,0
20598,0,0,0,0,0,0
20599,0,0,0,0,0,0
20600,1,1,0,0,0,0
20601,0,0,0,0,0,0
20602,1,1,0,0,0,0
20604,0,0,0,0,0,0
20605,1,1,0,0,0,0
20606,1,0,0,0,0,0
20607,0,0,0,0,0,0
20608,0,0,0,0,0,0
20609,1,1,0,0,0,0
20610,1,1,1,1,1,0
20611,0,0,0,0,0,0
20612,1,0,0,0,0,0
20613,1,1,1,1,1,0
20614,0,0,0,0,0,0
20615,1,0,0,0,0,0
20616,1,1,1,0,0,0
20617,0,0,0,0,0,0
20618,1,0,0,0,0,0
20619,1,0,0,0,0,0
20620,0,0,0,0,0,0
20621,1,1,1,0,0,0
20623,1,1,1,1,1,0
20624,1,1,0,0,0,0
20625,0,0,0,0,0,0
20626,0,0,0,0,0,0
20627,0,0,0,0,0,0
20628,0,0,0,0,0,0
20629,1,0,0,0,0,0
20630,0,0,0,0,0,0
20631,0,0,0,0,0,0
20632,0,0,0,0,0,0
20633,0,0,0,0,0,0
20634,1,1,0,0,0,0
20635,0,0,0,0,0,0
20636,0,0,0,0,0,0
20637,0,0,0,0,0,0
20638,1,1,1,1,1,0
20639,0,0,0,0,0,0
20640,0,0,0,0,0,0
20641,1,0,0,0,0,0
20643,1,1,1,1,1,0
20644,0,0,0,0,0,0
20645,0,0,0,0,0,0
20646,1,1,1,1,1,0
20647,1,0,0,0,0,0
20648,0,0,0,0,0,0
20650,0,0,0,0,0,0
20651,1,1,1,1,1,0
20652,1,1,1,1,1,1
20653,1,1,1,1,1,0
20654,0,0,0,0,0,0
20655,0,0,0,0,0,0
20656,0,0,0,0,0,0
20657,0,0,0,0,0,0
20658,1,1,0,0,0,0
20659,1,0,0,0,0,0
20661,0,0,0,0,0,0
20662,0,0,0,0,0,0
20663,1,1,1,1,0,0
20665,0,0,0,0,0,0
20666,0,0,0,0,0,0
20667,0,0,0,0,0,0
20668,0,0,0,0,0,0
20669,1,1,0,0,0,0
20672,1,1,1,0,0,0
20674,0,0,0,0,0,0
20675,1,1,1,0,0,0
20676,0,0,0,0,0,0
20677,0,0,0,0,0,0
20679,1,1,1,0,0,0
20680,1,1,1,1,1,0
20682,1,1,0,0,0,0
20683,1,1,0,0,0,0
20687,1,1,1,1,1,0
20689,0,0,0,0,0,0
20691,0,0,0,0,0,0
20692,1,0,0,0,0,0
20693,0,0,0,0,0,0
20695,0,0,0,0,0,0
20696,1,1,0,0,0,0
20700,1,1,1,1,1,0
20702,1,1,0,0,0,0
20704,0,0,0,0,0,0
20705,0,0,0,0,0,0
20706,1,1,0,0,0,0
20707,1,1,1,1,1,0
20708,1,1,1,1,1,1
20710,0,0,0,0,0,0
20711,1,1,0,0,0,0
20714,0,0,0,0,0,0
20716,1,0,0,0,0,0
20717,1,1,0,0,0,0
20719,0,0,0,0,0,0
20720,1,0,0,0,0,0
20721,0,0,0,0,0,0
20725,1,1,0,0,0,0
20726,0,0,0,0,0,0
20728,1,1,0,0,0,0
20731,0,0,0,0,0,0
20732,1,1,0,0,0,0
20733,1,1,1,1,1,0
20734,1,0,0,0,0,0
20736,0,0,0,0,0,0
20737,0,0,0,0,0,0
20738,0,0,0,0,0,0
20739,1,1,0,0,0,0
20740,1,1,1,1,1,1
20741,1,1,0,0,0,0
20742,1,1,0,0,0,0
20744,1,0,0,0,0,0
20745,1,0,0,0,0,0
20748,1,1,0,0,0,0
20749,1,0,0,0,0,0
20751,0,0,0,0,0,0
20752,1,1,0,0,0,0
20754,1,0,0,0,0,0
20756,0,0,0,0,0,0
20758,1,1,1,0,0,0
20759,0,0,0,0,0,0
20760,0,0,0,0,0,0
20762,1,1,0,0,0,0
20763,0,0,0,0,0,0
20764,0,0,0,0,0,0
20766,0,0,0,0,0,0
20768,1,1,0,0,0,0
20769,0,0,0,0,0,0
20771,1,1,0,0,0,0
20774,0,0,0,0,0,0
20775,0,0,0,0,0,0
20778,0,0,0,0,0,0
20779,0,0,0,0,0,0
20780,1,1,0,0,0,0
20781,0,0,0,0,0,0
20782,0,0,0,0,0,0
20784,0,0,0,0,0,0
20785,0,0,0,0,0,0
20786,1,0,0,0,0,0
20787,0,0,0,0,0,0
20788,1,1,1,1,1,0
20789,0,0,0,0,0,0
20791,1,0,0,0,0,0
20792,1,1,1,0,0,0
20794,0,0,0,0,0,0
20795,0,0,0,0,0,0
20798,1,1,1,0,0,0
20799,1,1,0,0,0,0
20800,0,0,0,0,0,0
20802,0,0,0,0,0,0
20803,0,0,0,0,0,0
20804,1,1,0,0,0,0
20805,0,0,0,0,0,0
20807,0,0,0,0,0,0
20808,1,1,0,0,0,0
20810,0,0,0,0,0,0
20811,0,0,0,0,0,0
20812,0,0,0,0,0,0
20814,0,0,0,0,0,0
20815,1,1,1,0,0,0
20816,0,0,0,0,0,0
20817,0,0,0,0,0,0
20818,1,1,0,0,0,0
20820,0,0,0,0,0,0
20821,1,0,0,0,0,0
20822,1,1,1,0,0,0
20823,1,1,0,0,0,0
20824,1,1,0,0,0,0
20826,1,1,1,0,0,0
20827,1,1,0,0,0,0
20828,0,0,0,0,0,0
20829,1,1,0,0,0,0
20831,0,0,0,0,0,0
20832,1,1,0,0,0,0
20833,1,1,0,0,0,0
20834,1,1,0,0,0,0
20835,0,0,0,0,0,0
20836,0,0,0,0,0,0
20838,0,0,0,0,0,0
20839,0,0,0,0,0,0
20841,1,1,0,0,0,0
20842,0,0,0,0,0,0
20843,1,0,0,0,0,0
20846,1,1,0,0,0,0
20847,0,0,0,0,0,0
20849,1,0,0,0,0,0
20850,0,0,0,0,0,0
20851,1,0,0,0,0,0
20852,0,0,0,0,0,0
20853,0,0,0,0,0,0
20854,1,0,0,0,0,0
20855,1,1,1,0,0,0
20856,0,0,0,0,0,0
20857,1,1,1,1,1,1
20858,1,0,0,0,0,0
20859,0,0,0,0,0,0
20861,0,0,0,0,0,0
20863,1,1,0,0,0,0
20864,0,0,0,0,0,0
20865,1,1,1,1,1,0
20866,0,0,0,0,0,0
20868,1,0,0,0,0,0
20869,0,0,0,0,0,0
20870,0,0,0,0,0,0
20874,1,1,0,0,0,0
20875,0,0,0,0,0,0
20877,0,0,0,0,0,0
20878,0,0,0,0,0,0
20880,0,0,0,0,0,0
20882,1,1,1,1,1,1
20883,0,0,0,0,0,0
20884,1,0,0,0,0,0
20885,0,0,0,0,0,0
20886,1,1,0,0,0,0
20890,0,0,0,0,0,0
20891,0,0,0,0,0,0
20894,0,0,0,0,0,0
20896,1,1,0,0,0,0
20897,1,0,0,0,0,0
20899,1,1,0,0,0,0
20900,0,0,0,0,0,0
20901,0,0,0,0,0,0
20902,1,1,0,0,0,0
20904,0,0,0,0,0,0
20905,0,0,0,0,0,0
20906,0,0,0,0,0,0
20907,1,1,0,0,0,0
20910,1,1,0,0,0,0
20911,1,1,0,0,0,0
20912,1,1,0,0,0,0
20913,1,0,0,0,0,0
20914,1,1,0,0,0,0
20915,1,1,1,1,1,0
20917,1,1,1,1,0,0
20918,1,0,0,0,0,0
20921,1,0,0,0,0,0
20923,1,1,0,0,0,0
20924,0,0,0,0,0,0
20925,0,0,0,0,0,0
20928,0,0,0,0,0,0
20929,0,0,0,0,0,0
20930,0,0,0,0,0,0
20932,1,1,1,1,1,1
20934,0,0,0,0,0,0
20935,1,1,0,0,0,0
20936,1,1,1,1,1,1
20937,1,1,0,0,0,0
20946,0,0,0,0,0,0
20947,0,0,0,0,0,0
20948,1,1,0,0,0,0
20949,1,1,0,0,0,0
20950,1,1,0,0,0,0
20951,1,0,0,0,0,0
20953,1,1,0,0,0,0
20954,0,0,0,0,0,0
20962,0,0,0,0,0,0
20963,1,1,1,1,0,0
20966,0,0,0,0,0,0
20967,1,1,0,0,0,0
20969,1,1,0,0,0,0
20970,1,1,0,0,0,0
20971,0,0,0,0,0,0
20972,1,0,0,0,0,0
20973,0,0,0,0,0,0
20976,0,0,0,0,0,0
20978,1,1,0,0,0,0
20979,1,1,1,1,1,0
20980,1,1,1,0,0,0
20981,0,0,0,0,0,0
20982,1,1,1,1,1,1
20984,0,0,0,0,0,0
20985,1,1,1,0,0,0
20986,1,1,1,0,0,0
20987,0,0,0,0,0,0
20990,0,0,0,0,0,0
20991,1,1,1,1,1,1
20993,0,0,0,0,0,0
20994,0,0,0,0,0,0
20995,0,0,0,0,0,0
20996,1,0,0,0,0,0
20998,0,0,0,0,0,0
21001,0,0,0,0,0,0
21002,0,0,0,0,0,0
21005,1,0,0,0,0,0
21006,1,0,0,0,0,0
21007,0,0,0,0,0,0
21008,0,0,0,0,0,0
21010,1,1,0,0,0,0
21011,0,0,0,0,0,0
21013,1,1,0,0,0,0
21015,0,0,0,0,0,0
21016,0,0,0,0,0,0
21020,0,0,0,0,0,0
21021,1,0,0,0,0,0
21022,0,0,0,0,0,0
21023,0,0,0,0,0,0
21024,1,0,0,0,0,0
21028,0,0,0,0,0,0
21029,1,1,0,0,0,0
21030,1,1,0,0,0,0
21031,1,0,0,0,0,0
21033,1,1,0,0,0,0
21034,1,0,0,0,0,0
21036,1,1,1,0,0,0
21037,0,0,0,0,0,0
21038,1,0,0,0,0,0
21041,0,0,0,0,0,0
21043,0,0,0,0,0,0
21046,0,0,0,0,0,0
21047,0,0,0,0,0,0
21048,1,1,0,0,0,0
21049,1,1,1,0,0,0
21050,0,0,0,0,0,0
21052,1,0,0,0,0,0
21054,0,0,0,0,0,0
21055,1,1,0,0,0,0
21056,0,0,0,0,0,0
21057,1,1,0,0,0,0
21059,1,1,1,1,0,0
21060,0,0,0,0,0,0
21061,1,1,0,0,0,0
21064,1,1,1,0,0,0
21067,1,1,0,0,0,0
21070,1,1,0,0,0,0
21071,0,0,0,0,0,0
21072,1,1,0,0,0,0
21073,1,0,0,0,0,0
21075,0,0,0,0,0,0
21077,0,0,0,0,0,0
21078,0,0,0,0,0,0
21079,0,0,0,0,0,0
21080,0,0,0,0,0,0
21082,1,0,0,0,0,0
21084,1,1,1,0,0,0
21085,1,0,0,0,0,0
21086,1,0,0,0,0,0
21092,1,1,1,0,0,0
21093,1,0,0,0,0,0
21095,0,0,0,0,0,0
21100,0,0,0,0,0,0
21101,1,1,1,0,0,0
21104,0,0,0,0,0,0
21105,0,0,0,0,0,0
21107,0,0,0,0,0,0
21108,1,1,1,0,0,0
21109,1,0,0,0,0,0
21110,1,0,0,0,0,0
21111,1,1,1,1,1,0
21113,0,0,0,0,0,0
21114,0,0,0,0,0,0
21115,0,0,0,0,0,0
21116,0,0,0,0,0,0
21117,0,0,0,0,0,0
21118,1,0,0,0,0,0
21119,0,0,0,0,0,0
21120,1,1,0,0,0,0
21121,1,1,0,0,0,0
21122,1,0,0,0,0,0
21123,0,0,0,0,0,0
21124,1,1,1,1,0,0
21125,1,1,0,0,0,0
21126,0,0,0,0,0,0
21127,1,1,1,1,1,0
21128,1,0,0,0,0,0
21129,1,1,0,0,0,0
21135,0,0,0,0,0,0
21138,0,0,0,0,0,0
21141,1,1,0,0,0,0
21142,1,0,0,0,0,0
21143,0,0,0,0,0,0
21144,0,0,0,0,0,0
21146,1,1,1,1,1,1
21147,0,0,0,0,0,0
21149,0,0,0,0,0,0
21151,1,1,1,1,1,1
21152,1,1,1,1,1,1
21153,0,0,0,0,0,0
21155,0,0,0,0,0,0
21157,1,1,0,0,0,0
21158,0,0,0,0,0,0
21159,1,1,1,1,1,1
21162,1,1,1,0,0,0
21164,0,0,0,0,0,0
21165,1,1,0,0,0,0
21166,0,0,0,0,0,0
21167,0,0,0,0,0,0
21168,0,0,0,0,0,0
21170,0,0,0,0,0,0
21171,0,0,0,0,0,0
21173,0,0,0,0,0,0
21174,1,0,0,0,0,0
21175,0,0,0,0,0,0
21176,1,1,1,1,1,0
21177,1,1,1,0,0,0
21179,0,0,0,0,0,0
21180,1,1,0,0,0,0
21181,1,1,1,1,1,1
21182,1,1,0,0,0,0
21183,1,1,0,0,0,0
21184,1,1,1,0,0,0
21187,1,1,1,1,1,0
21188,0,0,0,0,0,0
21191,1,1,1,0,0,0
21192,0,0,0,0,0,0
21193,1,0,0,0,0,0
21194,1,0,0,0,0,0
21196,1,0,0,0,0,0
21198,1,0,0,0,0,0
21199,1,1,0,0,0,0
21200,0,0,0,0,0,0
21201,1,0,0,0,0,0
21203,0,0,0,0,0,0
21206,1,1,1,1,1,0
21207,0,0,0,0,0,0
21208,1,1,0,0,0,0
21209,0,0,0,0,0,0
21210,0,0,0,0,0,0
21211,0,0,0,0,0,0
21212,1,1,1,1,0,0
21213,0,0,0,0,0,0
21215,1,1,0,0,0,0
21217,0,0,0,0,0,0
21218,1,1,0,0,0,0
21219,0,0,0,0,0,0
21220,0,0,0,0,0,0
21222,0,0,0,0,0,0
21223,0,0,0,0,0,0
21224,0,0,0,0,0,0
21225,1,0,0,0,0,0
21226,0,0,0,0,0,0
21227,0,0,0,0,0,0
21228,1,1,0,0,0,0
21229,1,1,1,0,0,0
21230,0,0,0,0,0,0
21231,1,1,1,1,1,0
21232,1,1,0,0,0,0
21233,1,1,0,0,0,0
21237,1,1,1,1,1,0
21238,1,0,0,0,0,0
21239,0,0,0,0,0,0
21247,0,0,0,0,0,0
21248,1,1,1,1,1,1
21250,1,0,0,0,0,0
21251,1,1,1,1,0,0
21252,0,0,0,0,0,0
21254,1,1,0,0,0,0
21255,0,0,0,0,0,0
21256,1,1,0,0,0,0
21258,0,0,0,0,0,0
21259,1,1,1,1,1,1
21260,0,0,0,0,0,0
21262,0,0,0,0,0,0
21264,0,0,0,0,0,0
21265,0,0,0,0,0,0
21266,0,0,0,0,0,0
21267,0,0,0,0,0,0
21268,0,0,0,0,0,0
21271,1,1,0,0,0,0
21272,0,0,0,0,0,0
21273,0,0,0,0,0,0
21274,1,1,1,1,0,0
21275,0,0,0,0,0,0
21276,0,0,0,0,0,0
21277,0,0,0,0,0,0
21278,0,0,0,0,0,0
21279,1,1,1,1,1,1
21281,1,1,0,0,0,0
21283,0,0,0,0,0,0
21284,0,0,0,0,0,0
21286,1,1,0,0,0,0
21287,1,1,1,1,0,0
21290,0,0,0,0,0,0
21291,1,1,0,0,0,0
21292,1,1,0,0,0,0
21293,0,0,0,0,0,0
21294,0,0,0,0,0,0
21295,1,1,1,1,1,0
21296,1,1,0,0,0,0
21297,1,1,0,0,0,0
21298,1,1,0,0,0,0
21299,0,0,0,0,0,0
21300,1,1,1,0,0,0
21301,0,0,0,0,0,0
21302,0,0,0,0,0,0
21303,0,0,0,0,0,0
21304,0,0,0,0,0,0
21305,0,0,0,0,0,0
21306,1,1,0,0,0,0
21307,0,0,0,0,0,0
21308,0,0,0,0,0,0
21310,1,1,1,0,0,0
21311,0,0,0,0,0,0
21314,1,1,1,1,0,0
21315,1,1,0,0,0,0
21318,0,0,0,0,0,0
21319,1,1,0,0,0,0
21321,1,1,1,0,0,0
21322,0,0,0,0,0,0
21323,0,0,0,0,0,0
21324,0,0,0,0,0,0
21325,1,1,1,0,0,0
21326,1,1,1,1,1,0
21327,0,0,0,0,0,0
21328,1,0,0,0,0,0
21329,0,0,0,0,0,0
21331,1,1,1,1,1,1
21332,1,1,1,1,1,0
21333,0,0,0,0,0,0
21335,0,0,0,0,0,0
21336,0,0,0,0,0,0
21337,1,1,0,0,0,0
21338,1,0,0,0,0,0
21339,0,0,0,0,0,0
21340,1,1,0,0,0,0
21341,0,0,0,0,0,0
21342,1,1,1,1,1,0
21343,0,0,0,0,0,0
21344,1,1,0,0,0,0
21345,1,1,0,0,0,0
21346,0,0,0,0,0,0
21347,1,1,0,0,0,0
21348,1,1,1,1,1,0
21349,0,0,0,0,0,0
21350,0,0,0,0,0,0
21351,0,0,0,0,0,0
21353,1,1,0,0,0,0
21354,0,0,0,0,0,0
21355,1,1,0,0,0,0
21356,0,0,0,0,0,0
21357,1,1,1,1,1,0
21358,1,0,0,0,0,0
21359,1,0,0,0,0,0
21362,1,1,1,0,0,0
21363,1,1,0,0,0,0
21368,1,1,1,0,0,0
21369,0,0,0,0,0,0
21370,1,0,0,0,0,0
21372,0,0,0,0,0,0
21374,0,0,0,0,0,0
21375,1,0,0,0,0,0
21376,1,1,1,0,0,0
21378,1,1,0,0,0,0
21381,0,0,0,0,0,0
21382,1,1,0,0,0,0
21383,0,0,0,0,0,0
21384,0,0,0,0,0,0
21385,1,0,0,0,0,0
21386,1,1,0,0,0,0
21387,0,0,0,0,0,0
21388,1,1,0,0,0,0
21389,0,0,0,0,0,0
21390,0,0,0,0,0,0
21391,1,1,0,0,0,0
21393,1,1,0,0,0,0
21395,1,1,1,1,0,0
21396,0,0,0,0,0,0
21397,1,1,1,0,0,0
21398,0,0,0,0,0,0
21399,1,0,0,0,0,0
21401,1,1,0,0,0,0
21403,0,0,0,0,0,0
21404,0,0,0,0,0,0
21405,1,0,0,0,0,0
21406,0,0,0,0,0,0
21408,0,0,0,0,0,0
21409,0,0,0,0,0,0
21410,0,0,0,0,0,0
21412,1,1,0,0,0,0
21413,0,0,0,0,0,0
21414,1,1,1,1,1,1
21416,0,0,0,0,0,0
21417,1,1,0,0,0,0
21418,0,0,0,0,0,0
21419,1,1,1,1,1,0
21420,0,0,0,0,0,0
21422,0,0,0,0,0,0
21423,1,1,1,1,0,0
21424,1,1,1,1,1,0
21429,0,0,0,0,0,0
21430,0,0,0,0,0,0
21432,0,0,0,0,0,0
21434,1,1,1,1,1,1
21435,0,0,0,0,0,0
21436,0,0,0,0,0,0
21437,0,0,0,0,0,0
21438,0,0,0,0,0,0
21439,0,0,0,0,0,0
21441,0,0,0,0,0,0
21442,0,0,0,0,0,0
21444,1,1,0,0,0,0
21446,1,1,1,1,1,0
21447,1,0,0,0,0,0
21448,1,1,0,0,0,0
21450,1,1,0,0,0,0
21453,0,0,0,0,0,0
21454,0,0,0,0,0,0
21455,1,0,0,0,0,0
21457,1,1,0,0,0,0
21458,1,1,0,0,0,0
21461,1,0,0,0,0,0
21463,0,0,0,0,0,0
21464,1,1,1,1,1,0
21465,1,0,0,0,0,0
21466,0,0,0,0,0,0
21467,1,1,1,1,1,0
21468,0,0,0,0,0,0
21469,1,1,1,0,0,0
21470,1,1,0,0,0,0
21474,0,0,0,0,0,0
21475,1,1,1,1,1,1
21476,0,0,0,0,0,0
21478,0,0,0,0,0,0
21479,1,1,0,0,0,0
21482,0,0,0,0,0,0
21484,1,0,0,0,0,0
21486,0,0,0,0,0,0
21487,0,0,0,0,0,0
21488,1,0,0,0,0,0
21489,0,0,0,0,0,0
21490,0,0,0,0,0,0
21491,0,0,0,0,0,0
21493,0,0,0,0,0,0
21494,0,0,0,0,0,0
21497,0,0,0,0,0,0
21498,0,0,0,0,0,0
21499,0,0,0,0,0,0
21500,0,0,0,0,0,0
21501,1,1,0,0,0,0
21502,0,0,0,0,0,0
21504,0,0,0,0,0,0
21505,1,1,0,0,0,0
21506,1,1,1,1,1,1
21507,0,0,0,0,0,0
21508,0,0,0,0,0,0
21510,1,1,0,0,0,0
21511,1,1,1,0,0,0
21512,1,0,0,0,0,0
21513,0,0,0,0,0,0
21514,1,1,1,1,1,1
21515,0,0,0,0,0,0
21516,1,1,0,0,0,0
21519,0,0,0,0,0,0
21521,0,0,0,0,0,0
21522,1,0,0,0,0,0
21523,1,1,1,1,1,0
21526,1,1,1,1,1,0
21527,1,1,0,0,0,0
21528,1,1,1,0,0,0
21529,1,0,0,0,0,0
21530,1,0,0,0,0,0
21531,0,0,0,0,0,0
21532,0,0,0,0,0,0
21533,0,0,0,0,0,0
21534,0,0,0,0,0,0
21536,0,0,0,0,0,0
21537,1,1,0,0,0,0
21539,0,0,0,0,0,0
21540,1,1,0,0,0,0
21541,0,0,0,0,0,0
21542,1,0,0,0,0,0
21543,0,0,0,0,0,0
21545,0,0,0,0,0,0
21546,1,1,0,0,0,0
21547,1,0,0,0,0,0
21548,1,0,0,0,0,0
21549,1,1,1,0,0,0
21551,1,1,0,0,0,0
21554,0,0,0,0,0,0
21555,0,0,0,0,0,0
21556,1,1,1,0,0,0
21557,0,0,0,0,0,0
21558,0,0,0,0,0,0
21559,0,0,0,0,0,0
21561,0,0,0,0,0,0
21562,1,1,0,0,0,0
21564,0,0,0,0,0,0
21566,1,1,1,0,0,0
21568,0,0,0,0,0,0
21569,1,1,1,1,1,1
21570,0,0,0,0,0,0
21571,1,1,0,0,0,0
21572,1,1,1,1,1,0
21574,1,1,1,0,0,0
21575,1,1,1,1,1,0
21576,1,1,1,0,0,0
21577,0,0,0,0,0,0
21578,0,0,0,0,0,0
21579,0,0,0,0,0,0
21580,1,1,0,0,0,0
21581,1,1,1,0,0,0
21583,1,1,0,0,0,0
21587,1,1,0,0,0,0
21589,0,0,0,0,0,0
21592,0,0,0,0,0,0
21593,0,0,0,0,0,0
21594,0,0,0,0,0,0
21597,1,1,1,1,1,1
21598,0,0,0,0,0,0
21599,1,0,0,0,0,0
21600,1,0,0,0,0,0
21602,1,1,1,1,1,0
21604,1,1,0,0,0,0
21605,0,0,0,0,0,0
21606,1,1,1,0,0,0
21607,0,0,0,0,0,0
21609,1,1,0,0,0,0
21610,1,1,1,1,1,0
21612,1,1,0,0,0,0
21613,1,1,0,0,0,0
21615,1,0,0,0,0,0
21616,1,1,0,0,0,0
21617,0,0,0,0,0,0
21618,0,0,0,0,0,0
21621,0,0,0,0,0,0
21623,1,0,0,0,0,0
21626,0,0,0,0,0,0
21628,1,1,0,0,0,0
21630,1,1,1,0,0,0
21631,0,0,0,0,0,0
21633,0,0,0,0,0,0
21634,1,1,0,0,0,0
21635,0,0,0,0,0,0
21636,0,0,0,0,0,0
21637,1,0,0,0,0,0
21638,0,0,0,0,0,0
21640,0,0,0,0,0,0
21641,1,0,0,0,0,0
21642,1,0,0,0,0,0
21643,1,1,1,1,1,0
21644,1,1,0,0,0,0
21645,1,0,0,0,0,0
21647,0,0,0,0,0,0
21648,1,1,0,0,0,0
21649,0,0,0,0,0,0
21651,1,1,1,0,0,0
21654,0,0,0,0,0,0
21655,1,1,0,0,0,0
21656,1,1,0,0,0,0
21660,0,0,0,0,0,0
21662,1,1,1,0,0,0
21663,1,1,1,1,1,0
21665,0,0,0,0,0,0
21666,1,1,1,1,0,0
21667,1,1,1,0,0,0
21668,1,1,0,0,0,0
21672,0,0,0,0,0,0
21673,1,1,0,0,0,0
21676,0,0,0,0,0,0
21679,1,1,0,0,0,0
21680,1,1,0,0,0,0
21681,0,0,0,0,0,0
21682,0,0,0,0,0,0
21683,1,1,1,0,0,0
21684,1,1,0,0,0,0
21686,1,0,0,0,0,0
21687,0,0,0,0,0,0
21689,1,1,1,0,0,0
21692,1,1,0,0,0,0
21694,0,0,0,0,0,0
21695,1,1,1,1,1,0
21697,1,1,0,0,0,0
21698,1,1,0,0,0,0
21699,0,0,0,0,0,0
21700,0,0,0,0,0,0
21701,1,1,0,0,0,0
21702,1,1,0,0,0,0
21703,1,0,0,0,0,0
21704,1,1,1,1,1,1
21706,0,0,0,0,0,0
21710,0,0,0,0,0,0
21711,0,0,0,0,0,0
21713,1,1,0,0,0,0
21716,0,0,0,0,0,0
21717,1,1,1,1,1,1
21718,0,0,0,0,0,0
21719,1,0,0,0,0,0
21721,1,0,0,0,0,0
21723,1,0,0,0,0,0
21724,1,0,0,0,0,0
21725,0,0,0,0,0,0
21726,0,0,0,0,0,0
21727,1,1,1,0,0,0
21728,1,1,0,0,0,0
21729,0,0,0,0,0,0
21731,0,0,0,0,0,0
21732,0,0,0,0,0,0
21733,0,0,0,0,0,0
21735,0,0,0,0,0,0
21738,0,0,0,0,0,0
21740,1,0,0,0,0,0
21742,0,0,0,0,0,0
21743,0,0,0,0,0,0
21745,0,0,0,0,0,0
21747,1,1,1,1,1,0
21748,1,0,0,0,0,0
21749,1,0,0,0,0,0
21754,1,1,1,1,1,0
21755,1,1,0,0,0,0
21756,1,1,1,1,1,1
21757,1,1,1,1,1,1
21759,0,0,0,0,0,0
21760,0,0,0,0,0,0
21762,0,0,0,0,0,0
21764,0,0,0,0,0,0
21766,0,0,0,0,0,0
21767,1,1,1,1,1,1
21768,1,0,0,0,0,0
21770,0,0,0,0,0,0
21771,0,0,0,0,0,0
21772,1,1,1,0,0,0
21774,0,0,0,0,0,0
21775,0,0,0,0,0,0
21776,1,0,0,0,0,0
21778,1,1,1,0,0,0
21779,0,0,0,0,0,0
21781,0,0,0,0,0,0
21782,0,0,0,0,0,0
21783,1,0,0,0,0,0
21784,1,1,0,0,0,0
21786,0,0,0,0,0,0
21792,1,1,0,0,0,0
21797,1,0,0,0,0,0
21802,0,0,0,0,0,0
21803,0,0,0,0,0,0
21804,1,0,0,0,0,0
21805,1,0,0,0,0,0
21806,1,0,0,0,0,0
21808,1,1,1,1,1,0
21811,0,0,0,0,0,0
21814,0,0,0,0,0,0
21815,0,0,0,0,0,0
21816,1,1,0,0,0,0
21817,1,1,1,1,1,0
21818,0,0,0,0,0,0
21820,1,1,0,0,0,0
21821,1,1,1,0,0,0
21822,0,0,0,0,0,0
21824,1,1,0,0,0,0
21825,0,0,0,0,0,0
21826,0,0,0,0,0,0
21827,1,1,0,0,0,0
21828,1,1,1,0,0,0
21829,0,0,0,0,0,0
21830,0,0,0,0,0,0
21831,0,0,0,0,0,0
21832,0,0,0,0,0,0
21833,1,1,1,1,0,0
21835,1,1,1,1,0,0
21838,0,0,0,0,0,0
21841,0,0,0,0,0,0
21843,0,0,0,0,0,0
21845,0,0,0,0,0,0
21847,1,0,0,0,0,0
21850,0,0,0,0,0,0
21854,1,1,1,1,1,0
21858,1,1,0,0,0,0
21859,0,0,0,0,0,0
21860,1,0,0,0,0,0
21861,1,1,0,0,0,0
21862,0,0,0,0,0,0
21863,0,0,0,0,0,0
21864,0,0,0,0,0,0
21865,1,1,0,0,0,0
21869,1,1,0,0,0,0
21871,0,0,0,0,0,0
21872,1,1,1,0,0,0
21873,0,0,0,0,0,0
21875,0,0,0,0,0,0
21876,1,1,0,0,0,0
21882,0,0,0,0,0,0
21884,1,1,0,0,0,0
21885,1,1,0,0,0,0
21886,0,0,0,0,0,0
21887,1,1,0,0,0,0
21888,0,0,0,0,0,0
21889,0,0,0,0,0,0
21890,0,0,0,0,0,0
21892,1,1,1,0,0,0
21894,0,0,0,0,0,0
21896,0,0,0,0,0,0
21897,0,0,0,0,0,0
21899,0,0,0,0,0,0
21900,0,0,0,0,0,0
21901,1,1,1,0,0,0
21904,0,0,0,0,0,0
21905,1,1,1,1,1,0
21907,0,0,0,0,0,0
21908,1,1,1,1,1,1
21910,1,1,1,1,1,1
21911,0,0,0,0,0,0
21912,0,0,0,0,0,0
21914,1,0,0,0,0,0
21917,1,1,1,0,0,0
21921,1,1,0,0,0,0
21922,1,1,1,1,1,1
21923,0,0,0,0,0,0
21924,0,0,0,0,0,0
21925,0,0,0,0,0,0
21926,0,0,0,0,0,0
21927,0,0,0,0,0,0
21928,1,1,1,1,1,0
21931,1,1,0,0,0,0
21933,1,1,1,1,1,0
21934,1,0,0,0,0,0
21935,0,0,0,0,0,0
21936,0,0,0,0,0,0
21937,1,1,0,0,0,0
21939,0,0,0,0,0,0
21941,0,0,0,0,0,0
21942,1,1,0,0,0,0
21943,0,0,0,0,0,0
21946,0,0,0,0,0,0
21947,1,1,1,1,1,0
21949,0,0,0,0,0,0
21950,0,0,0,0,0,0
21951,1,1,1,0,0,0
21952,1,1,0,0,0,0
21953,0,0,0,0,0,0
21954,1,1,1,1,1,1
21955,0,0,0,0,0,0
21956,0,0,0,0,0,0
21957,1,1,1,1,1,0
21958,1,0,0,0,0,0
21959,0,0,0,0,0,0
21964,0,0,0,0,0,0
21966,0,0,0,0,0,0
21967,0,0,0,0,0,0
21971,0,0,0,0,0,0
21972,0,0,0,0,0,0
21973,0,0,0,0,0,0
21974,0,0,0,0,0,0
21975,1,1,1,1,0,0
21976,1,1,1,1,1,0
21978,0,0,0,0,0,0
21982,1,1,0,0,0,0
21983,1,1,0,0,0,0
21988,1,1,0,0,0,0
21990,1,1,0,0,0,0
21991,0,0,0,0,0,0
21992,0,0,0,0,0,0
21994,1,1,0,0,0,0
21995,0,0,0,0,0,0
21997,0,0,0,0,0,0
21998,0,0,0,0,0,0
21999,1,1,0,0,0,0
22002,1,1,1,1,1,0
22003,1,1,1,1,1,1
22004,0,0,0,0,0,0
22006,1,1,0,0,0,0
22007,0,0,0,0,0,0
22008,0,0,0,0,0,0
22009,0,0,0,0,0,0
22010,0,0,0,0,0,0
22012,1,1,1,0,0,0
22013,1,0,0,0,0,0
22014,0,0,0,0,0,0
22016,0,0,0,0,0,0
22018,0,0,0,0,0,0
22020,0,0,0,0,0,0
22021,1,1,0,0,0,0
22022,0,0,0,0,0,0
22025,1,1,1,1,1,1
22026,0,0,0,0,0,0
22028,1,1,1,1,1,1
22030,0,0,0,0,0,0
22032,0,0,0,0,0,0
22034,0,0,0,0,0,0
22035,0,0,0,0,0,0
22036,1,1,1,1,1,0
22041,1,1,1,0,0,0
22043,1,1,0,0,0,0
22044,1,1,1,0,0,0
22045,0,0,0,0,0,0
22046,0,0,0,0,0,0
22047,0,0,0,0,0,0
22048,0,0,0,0,0,0
22049,1,1,0,0,0,0
22050,0,0,0,0,0,0
22052,0,0,0,0,0,0
22053,0,0,0,0,0,0
22054,1,1,0,0,0,0
22055,0,0,0,0,0,0
22057,1,1,0,0,0,0
22058,0,0,0,0,0,0
22059,1,1,1,0,0,0
22060,0,0,0,0,0,0
22061,1,0,0,0,0,0
22062,0,0,0,0,0,0
22063,0,0,0,0,0,0
22065,0,0,0,0,0,0
22067,1,1,0,0,0,0
22068,1,1,0,0,0,0
22069,1,0,0,0,0,0
22071,1,1,0,0,0,0
22073,0,0,0,0,0,0
22074,1,1,1,1,0,0
22076,0,0,0,0,0,0
22077,1,1,1,1,0,0
22078,1,1,0,0,0,0
22081,1,1,0,0,0,0
22082,1,1,1,1,1,0
22083,0,0,0,0,0,0
22084,0,0,0,0,0,0
22085,0,0,0,0,0,0
22087,0,0,0,0,0,0
22090,0,0,0,0,0,0
22091,1,1,0,0,0,0
22092,1,1,0,0,0,0
22093,1,0,0,0,0,0
22095,0,0,0,0,0,0
22096,1,1,0,0,0,0
22098,0,0,0,0,0,0
22100,1,1,0,0,0,0
22103,0,0,0,0,0,0
22104,1,0,0,0,0,0
22105,1,1,0,0,0,0
22106,1,1,1,1,0,0
22107,0,0,0,0,0,0
22108,1,1,1,1,0,0
22109,0,0,0,0,0,0
22110,1,1,1,0,0,0
22112,0,0,0,0,0,0
22114,0,0,0,0,0,0
22115,0,0,0,0,0,0
22116,1,1,1,1,0,0
22117,1,1,0,0,0,0
22118,1,0,0,0,0,0
22119,1,0,0,0,0,0
22122,0,0,0,0,0,0
22124,1,1,0,0,0,0
22125,0,0,0,0,0,0
22126,1,1,1,0,0,0
22128,0,0,0,0,0,0
22129,0,0,0,0,0,0
22130,1,0,0,0,0,0
22131,0,0,0,0,0,0
22133,1,1,1,1,0,0
22134,0,0,0,0,0,0
22135,0,0,0,0,0,0
22136,0,0,0,0,0,0
22137,0,0,0,0,0,0
22139,0,0,0,0,0,0
22140,1,1,1,0,0,0
22142,1,0,0,0,0,0
22143,1,1,0,0,0,0
22146,0,0,0,0,0,0
22147,0,0,0,0,0,0
22148,1,1,1,1,1,0
22149,0,0,0,0,0,0
22150,0,0,0,0,0,0
22153,1,1,0,0,0,0
22154,0,0,0,0,0,0
22155,1,1,1,1,1,0
22156,0,0,0,0,0,0
22157,1,0,0,0,0,0
22158,1,0,0,0,0,0
22159,0,0,0,0,0,0
22160,1,1,1,1,1,0
22161,0,0,0,0,0,0
22164,1,1,0,0,0,0
22165,1,1,1,0,0,0
22168,1,1,0,0,0,0
22170,1,1,1,1,1,0
22171,1,0,0,0,0,0
22172,1,1,1,1,1,1
22174,1,0,0,0,0,0
22177,0,0,0,0,0,0
22178,0,0,0,0,0,0
22179,1,1,0,0,0,0
22182,0,0,0,0,0,0
22183,0,0,0,0,0,0
22184,1,0,0,0,0,0
22186,0,0,0,0,0,0
22188,1,1,0,0,0,0
22189,0,0,0,0,0,0
22190,0,0,0,0,0,0
22194,1,1,1,1,0,0
22195,0,0,0,0,0,0
22196,0,0,0,0,0,0
22197,0,0,0,0,0,0
22198,0,0,0,0,0,0
22199,1,0,0,0,0,0
22201,1,1,0,0,0,0
22203,1,1,0,0,0,0
22205,1,1,0,0,0,0
22207,1,0,0,0,0,0
22209,1,1,0,0,0,0
22210,1,0,0,0,0,0
22214,0,0,0,0,0,0
22216,0,0,0,0,0,0
22219,0,0,0,0,0,0
22220,1,1,0,0,0,0
22222,0,0,0,0,0,0
22223,1,1,0,0,0,0
22226,0,0,0,0,0,0
22227,1,0,0,0,0,0
22228,0,0,0,0,0,0
22229,0,0,0,0,0,0
22230,1,1,0,0,0,0
22231,0,0,0,0,0,0
22232,0,0,0,0,0,0
22233,1,0,0,0,0,0
22234,0,0,0,0,0,0
22235,1,1,0,0,0,0
22237,1,1,1,0,0,0
22238,0,0,0,0,0,0
22239,1,1,1,0,0,0
22241,1,1,1,0,0,0
22242,1,1,1,1,1,1
22243,0,0,0,0,0,0
22244,1,1,0,0,0,0
22245,1,0,0,0,0,0
22247,1,1,1,1,1,1
22248,0,0,0,0,0,0
22249,1,1,1,1,1,1
22250,0,0,0,0,0,0
22251,0,0,0,0,0,0
22252,1,1,0,0,0,0
22253,1,1,0,0,0,0
22254,0,0,0,0,0,0
22255,1,1,0,0,0,0
22257,0,0,0,0,0,0
22258,1,0,0,0,0,0
22259,0,0,0,0,0,0
22260,1,0,0,0,0,0
22261,1,1,1,1,1,0
22264,0,0,0,0,0,0
22265,0,0,0,0,0,0
22266,0,0,0,0,0,0
22267,0,0,0,0,0,0
22268,1,1,1,1,1,0
22270,1,1,0,0,0,0
22271,0,0,0,0,0,0
22272,1,1,1,1,1,1
22274,1,1,1,1,1,1
22276,1,1,1,1,1,0
22277,0,0,0,0,0,0
22278,1,1,1,1,0,0
22279,0,0,0,0,0,0
22281,0,0,0,0,0,0
22282,1,0,0,0,0,0
22283,0,0,0,0,0,0
22285,1,1,0,0,0,0
22286,0,0,0,0,0,0
22287,1,1,0,0,0,0
22288,1,1,0,0,0,0
22289,1,1,0,0,0,0
22291,1,0,0,0,0,0
22293,1,1,0,0,0,0
22297,0,0,0,0,0,0
22302,0,0,0,0,0,0
22303,0,0,0,0,0,0
22304,0,0,0,0,0,0
22305,0,0,0,0,0,0
22306,0,0,0,0,0,0
22307,1,1,1,1,0,0
22309,0,0,0,0,0,0
22311,0,0,0,0,0,0
22312,1,0,0,0,0,0
22313,0,0,0,0,0,0
22315,0,0,0,0,0,0
22317,0,0,0,0,0,0
22318,1,1,1,1,1,1
22319,1,1,1,1,1,1
22320,1,1,0,0,0,0
22321,0,0,0,0,0,0
22323,0,0,0,0,0,0
22324,0,0,0,0,0,0
22326,0,0,0,0,0,0
22327,0,0,0,0,0,0
22331,0,0,0,0,0,0
22332,0,0,0,0,0,0
22333,0,0,0,0,0,0
22334,1,1,0,0,0,0
22335,0,0,0,0,0,0
22338,0,0,0,0,0,0
22339,0,0,0,0,0,0
22340,1,1,1,0,0,0
22341,0,0,0,0,0,0
22343,1,1,0,0,0,0
22344,0,0,0,0,0,0
22345,1,1,0,0,0,0
22346,0,0,0,0,0,0
22350,1,0,0,0,0,0
22351,0,0,0,0,0,0
22352,0,0,0,0,0,0
22355,1,1,1,0,0,0
22356,1,1,0,0,0,0
22357,1,1,0,0,0,0
22359,0,0,0,0,0,0
22360,0,0,0,0,0,0
22361,0,0,0,0,0,0
22362,0,0,0,0,0,0
22364,0,0,0,0,0,0
22365,0,0,0,0,0,0
22366,0,0,0,0,0,0
22367,0,0,0,0,0,0
22369,0,0,0,0,0,0
22372,0,0,0,0,0,0
22374,0,0,0,0,0,0
22376,0,0,0,0,0,0
22377,0,0,0,0,0,0
22378,0,0,0,0,0,0
22380,1,1,0,0,0,0
22382,1,0,0,0,0,0
22384,1,1,0,0,0,0
22385,0,0,0,0,0,0
22388,1,1,0,0,0,0
22392,0,0,0,0,0,0
22393,1,1,0,0,0,0
22394,1,1,0,0,0,0
22397,1,1,1,1,1,1
22400,0,0,0,0,0,0
22402,0,0,0,0,0,0
22404,1,1,0,0,0,0
22405,1,0,0,0,0,0
22406,0,0,0,0,0,0
22407,1,1,0,0,0,0
22408,1,1,1,1,1,0
22409,1,1,0,0,0,0
22411,0,0,0,0,0,0
22414,1,1,1,1,0,0
22415,1,1,1,1,1,0
22416,1,1,1,1,1,1
22418,1,1,0,0,0,0
22420,0,0,0,0,0,0
22421,0,0,0,0,0,0
22423,1,1,1,1,1,1
22424,1,0,0,0,0,0
22425,0,0,0,0,0,0
22427,0,0,0,0,0,0
22428,0,0,0,0,0,0
22430,0,0,0,0,0,0
22432,0,0,0,0,0,0
22434,1,1,0,0,0,0
22435,1,1,1,0,0,0
22436,0,0,0,0,0,0
22440,0,0,0,0,0,0
22441,1,1,1,0,0,0
22443,0,0,0,0,0,0
22444,0,0,0,0,0,0
22446,1,0,0,0,0,0
22448,0,0,0,0,0,0
22449,1,1,0,0,0,0
22450,0,0,0,0,0,0
22451,1,1,1,0,0,0
22452,0,0,0,0,0,0
22453,0,0,0,0,0,0
22454,1,1,0,0,0,0
22457,1,1,1,1,0,0
22458,1,1,0,0,0,0
22459,1,0,0,0,0,0
22460,0,0,0,0,0,0
22462,0,0,0,0,0,0
22463,0,0,0,0,0,0
22464,1,1,0,0,0,0
22467,1,1,1,1,1,0
22468,1,1,1,1,1,0
22469,0,0,0,0,0,0
22470,1,1,0,0,0,0
22472,1,1,1,0,0,0
22473,0,0,0,0,0,0
22474,0,0,0,0,0,0
22475,1,1,1,1,1,1
22476,0,0,0,0,0,0
22477,0,0,0,0,0,0
22478,0,0,0,0,0,0
22479,1,1,0,0,0,0
22480,1,0,0,0,0,0
22482,1,1,1,1,1,0
22483,0,0,0,0,0,0
22484,0,0,0,0,0,0
22487,1,1,0,0,0,0
22488,1,1,0,0,0,0
22490,0,0,0,0,0,0
22491,0,0,0,0,0,0
22492,0,0,0,0,0,0
22494,0,0,0,0,0,0
22495,1,1,1,1,1,0
22496,0,0,0,0,0,0
22497,0,0,0,0,0,0
22499,1,1,0,0,0,0
22501,0,0,0,0,0,0
22502,0,0,0,0,0,0
22503,0,0,0,0,0,0
22506,1,0,0,0,0,0
22507,1,0,0,0,0,0
22511,0,0,0,0,0,0
22512,1,0,0,0,0,0
22514,1,1,1,1,1,1
22515,1,1,1,0,0,0
22518,0,0,0,0,0,0
22520,1,0,0,0,0,0
22521,1,1,1,0,0,0
22522,0,0,0,0,0,0
22523,0,0,0,0,0,0
22524,0,0,0,0,0,0
22525,1,0,0,0,0,0
22526,1,1,0,0,0,0
22527,0,0,0,0,0,0
22528,1,0,0,0,0,0
22530,1,0,0,0,0,0
22531,1,1,0,0,0,0
22532,1,0,0,0,0,0
22534,1,1,0,0,0,0
22535,0,0,0,0,0,0
22536,0,0,0,0,0,0
22539,1,1,0,0,0,0
22540,0,0,0,0,0,0
22541,1,1,1,1,1,0
22542,0,0,0,0,0,0
22543,0,0,0,0,0,0
22545,1,0,0,0,0,0
22547,0,0,0,0,0,0
22548,0,0,0,0,0,0
22550,1,1,1,1,0,0
22551,1,0,0,0,0,0
22552,1,0,0,0,0,0
22553,0,0,0,0,0,0
22555,0,0,0,0,0,0
22556,1,0,0,0,0,0
22558,0,0,0,0,0,0
22559,1,1,0,0,0,0
22560,1,1,0,0,0,0
22562,0,0,0,0,0,0
22563,0,0,0,0,0,0
22565,0,0,0,0,0,0
22566,0,0,0,0,0,0
22567,0,0,0,0,0,0
22569,0,0,0,0,0,0
22571,0,0,0,0,0,0
22574,1,1,0,0,0,0
22575,1,1,1,0,0,0
22576,1,1,0,0,0,0
22580,0,0,0,0,0,0
22583,1,1,0,0,0,0
22585,1,0,0,0,0,0
22588,0,0,0,0,0,0
22590,0,0,0,0,0,0
22591,1,1,1,1,1,0
22593,1,1,0,0,0,0
22595,0,0,0,0,0,0
22596,0,0,0,0,0,0
22597,0,0,0,0,0,0
22600,0,0,0,0,0,0
22604,1,1,0,0,0,0
22606,0,0,0,0,0,0
22607,1,0,0,0,0,0
22608,1,1,1,0,0,0
22610,0,0,0,0,0,0
22612,0,0,0,0,0,0
22615,0,0,0,0,0,0
22616,0,0,0,0,0,0
22619,0,0,0,0,0,0
22622,1,1,0,0,0,0
22623,1,0,0,0,0,0
22625,1,0,0,0,0,0
22627,1,1,0,0,0,0
22628,0,0,0,0,0,0
22629,1,0,0,0,0,0
22630,0,0,0,0,0,0
22631,0,0,0,0,0,0
22632,1,1,1,1,0,0
22634,0,0,0,0,0,0
22635,0,0,0,0,0,0
22637,0,0,0,0,0,0
22639,1,0,0,0,0,0
22642,1,1,1,0,0,0
22644,1,0,0,0,0,0
22645,1,1,1,1,0,0
22646,0,0,0,0,0,0
22647,1,1,1,0,0,0
22649,0,0,0,0,0,0
22650,0,0,0,0,0,0
22651,1,1,0,0,0,0
22652,1,0,0,0,0,0
22654,1,0,0,0,0,0
22656,1,0,0,0,0,0
22657,0,0,0,0,0,0
22658,0,0,0,0,0,0
22660,0,0,0,0,0,0
22662,0,0,0,0,0,0
22663,1,1,1,1,1,0
22664,1,1,0,0,0,0
22666,1,1,0,0,0,0
22667,0,0,0,0,0,0
22668,1,0,0,0,0,0
22672,0,0,0,0,0,0
22673,1,0,0,0,0,0
22675,0,0,0,0,0,0
22676,1,1,0,0,0,0
22677,0,0,0,0,0,0
22679,1,1,0,0,0,0
22681,0,0,0,0,0,0
22683,0,0,0,0,0,0
22685,1,0,0,0,0,0
22686,1,1,0,0,0,0
22687,0,0,0,0,0,0
22689,0,0,0,0,0,0
22690,1,0,0,0,0,0
22691,1,0,0,0,0,0
22693,0,0,0,0,0,0
22695,0,0,0,0,0,0
22696,0,0,0,0,0,0
22698,0,0,0,0,0,0
22700,0,0,0,0,0,0
22701,0,0,0,0,0,0
22702,1,1,0,0,0,0
22703,1,1,1,1,1,1
22704,0,0,0,0,0,0
22706,1,1,0,0,0,0
22707,1,0,0,0,0,0
22708,1,0,0,0,0,0
22709,1,1,0,0,0,0
22710,0,0,0,0,0,0
22711,0,0,0,0,0,0
22712,1,1,0,0,0,0
22715,1,1,1,0,0,0
22718,1,1,1,0,0,0
22719,0,0,0,0,0,0
22723,0,0,0,0,0,0
22725,0,0,0,0,0,0
22726,0,0,0,0,0,0
22727,1,1,1,1,1,1
22728,0,0,0,0,0,0
22730,0,0,0,0,0,0
22731,1,1,1,1,1,0
22732,1,1,0,0,0,0
22733,0,0,0,0,0,0
22735,0,0,0,0,0,0
22736,0,0,0,0,0,0
22737,0,0,0,0,0,0
22739,1,0,0,0,0,0
22740,0,0,0,0,0,0
22741,1,0,0,0,0,0
22743,1,1,0,0,0,0
22744,0,0,0,0,0,0
22747,0,0,0,0,0,0
22749,0,0,0,0,0,0
22753,1,0,0,0,0,0
22754,1,1,0,0,0,0
22755,0,0,0,0,0,0
22757,0,0,0,0,0,0
22758,0,0,0,0,0,0
22759,0,0,0,0,0,0
22761,1,1,1,0,0,0
22762,1,1,1,0,0,0
22763,1,1,1,1,1,0
22764,0,0,0,0,0,0
22765,1,1,0,0,0,0
22767,1,1,0,0,0,0
22768,1,1,1,1,0,0
22770,0,0,0,0,0,0
22771,1,1,0,0,0,0
22772,1,1,0,0,0,0
22774,0,0,0,0,0,0
22777,1,1,0,0,0,0
22778,0,0,0,0,0,0
22779,0,0,0,0,0,0
22780,1,1,0,0,0,0
22781,0,0,0,0,0,0
22782,0,0,0,0,0,0
22783,0,0,0,0,0,0
22785,0,0,0,0,0,0
22786,0,0,0,0,0,0
22787,0,0,0,0,0,0
22789,0,0,0,0,0,0
22791,1,1,1,1,1,1
22793,1,0,0,0,0,0
22794,1,1,0,0,0,0
22796,1,0,0,0,0,0
22797,1,1,0,0,0,0
22798,1,1,1,1,1,1
22799,1,0,0,0,0,0
22800,0,0,0,0,0,0
22802,0,0,0,0,0,0
22803,1,1,0,0,0,0
22804,0,0,0,0,0,0
22805,1,1,0,0,0,0
22806,0,0,0,0,0,0
22807,0,0,0,0,0,0
22808,0,0,0,0,0,0
22809,1,1,0,0,0,0
22810,0,0,0,0,0,0
22811,0,0,0,0,0,0
22812,0,0,0,0,0,0
22813,0,0,0,0,0,0
22814,1,1,1,1,0,0
22816,0,0,0,0,0,0
22819,0,0,0,0,0,0
22821,0,0,0,0,0,0
22822,0,0,0,0,0,0
22824,1,1,0,0,0,0
22826,0,0,0,0,0,0
22828,1,1,1,0,0,0
22829,0,0,0,0,0,0
22832,1,1,1,0,0,0
22834,1,1,1,1,1,1
22835,0,0,0,0,0,0
22836,0,0,0,0,0,0
22837,0,0,0,0,0,0
22838,0,0,0,0,0,0
22840,1,1,1,1,0,0
22845,1,0,0,0,0,0
22846,0,0,0,0,0,0
22847,1,0,0,0,0,0
22848,1,1,0,0,0,0
22850,1,1,0,0,0,0
22851,1,1,0,0,0,0
22853,1,1,1,1,0,0
22854,0,0,0,0,0,0
22856,0,0,0,0,0,0
22857,0,0,0,0,0,0
22858,0,0,0,0,0,0
22859,1,1,0,0,0,0
22861,1,1,0,0,0,0
22862,1,1,0,0,0,0
22864,0,0,0,0,0,0
22865,1,1,0,0,0,0
22868,1,1,1,1,1,0
22869,0,0,0,0,0,0
22870,1,0,0,0,0,0
22871,0,0,0,0,0,0
22872,0,0,0,0,0,0
22873,1,1,0,0,0,0
22875,1,1,1,1,1,1
22876,1,1,1,0,0,0
22877,1,0,0,0,0,0
22879,1,1,0,0,0,0
22880,0,0,0,0,0,0
22881,0,0,0,0,0,0
22882,1,1,1,0,0,0
22883,0,0,0,0,0,0
22884,0,0,0,0,0,0
22885,1,1,0,0,0,0
22886,1,1,0,0,0,0
22890,1,1,1,1,0,0
22891,0,0,0,0,0,0
22892,1,1,0,0,0,0
22894,0,0,0,0,0,0
22895,0,0,0,0,0,0
22896,0,0,0,0,0,0
22897,0,0,0,0,0,0
22898,0,0,0,0,0,0
22899,1,1,1,1,1,0
22900,1,1,0,0,0,0
22901,1,1,1,1,1,0
22902,0,0,0,0,0,0
22906,0,0,0,0,0,0
22908,1,1,0,0,0,0
22910,0,0,0,0,0,0
22913,0,0,0,0,0,0
22914,0,0,0,0,0,0
22919,0,0,0,0,0,0
22920,1,1,1,1,0,0
22921,1,1,1,1,1,0
22922,0,0,0,0,0,0
22923,0,0,0,0,0,0
22924,0,0,0,0,0,0
22925,0,0,0,0,0,0
22926,1,1,1,1,1,1
22927,0,0,0,0,0,0
22929,1,0,0,0,0,0
22930,0,0,0,0,0,0
22933,0,0,0,0,0,0
22934,1,0,0,0,0,0
22935,0,0,0,0,0,0
22937,1,1,0,0,0,0
22938,1,0,0,0,0,0
22939,0,0,0,0,0,0
22940,0,0,0,0,0,0
22941,0,0,0,0,0,0
22942,1,1,1,1,1,1
22943,0,0,0,0,0,0
22946,0,0,0,0,0,0
22947,0,0,0,0,0,0
22948,0,0,0,0,0,0
22949,1,1,0,0,0,0
22951,0,0,0,0,0,0
22952,1,1,0,0,0,0
22954,0,0,0,0,0,0
22955,0,0,0,0,0,0
22958,1,1,0,0,0,0
22960,0,0,0,0,0,0
22961,0,0,0,0,0,0
22963,1,1,0,0,0,0
22964,0,0,0,0,0,0
22965,0,0,0,0,0,0
22967,0,0,0,0,0,0
22970,0,0,0,0,0,0
22971,1,1,1,1,1,0
22972,1,1,0,0,0,0
22973,1,1,0,0,0,0
22974,1,1,0,0,0,0
22975,1,1,0,0,0,0
22977,1,0,0,0,0,0
22978,0,0,0,0,0,0
22979,1,1,0,0,0,0
22980,0,0,0,0,0,0
22983,1,1,1,1,1,0
22984,1,0,0,0,0,0
22985,0,0,0,0,0,0
22986,1,0,0,0,0,0
22989,0,0,0,0,0,0
22990,1,0,0,0,0,0
22991,0,0,0,0,0,0
22993,1,0,0,0,0,0
22994,0,0,0,0,0,0
22995,0,0,0,0,0,0
22996,0,0,0,0,0,0
22998,0,0,0,0,0,0
22999,0,0,0,0,0,0
23000,1,1,0,0,0,0
23002,1,1,1,1,1,0
23005,1,0,0,0,0,0
23007,1,0,0,0,0,0
23008,0,0,0,0,0,0
23009,0,0,0,0,0,0
23010,1,0,0,0,0,0
23011,0,0,0,0,0,0
23012,0,0,0,0,0,0
23013,0,0,0,0,0,0
23015,0,0,0,0,0,0
23017,1,1,0,0,0,0
23018,0,0,0,0,0,0
23019,0,0,0,0,0,0
23022,1,1,1,0,0,0
23026,1,1,1,1,1,0
23027,0,0,0,0,0,0
23028,1,1,0,0,0,0
23029,1,1,1,1,0,0
23030,1,1,0,0,0,0
23031,1,0,0,0,0,0
23034,0,0,0,0,0,0
23035,0,0,0,0,0,0
23036,1,0,0,0,0,0
23037,0,0,0,0,0,0
23038,0,0,0,0,0,0
23041,0,0,0,0,0,0
23042,0,0,0,0,0,0
23044,0,0,0,0,0,0
23045,0,0,0,0,0,0
23046,1,1,0,0,0,0
23048,1,1,1,0,0,0
23049,0,0,0,0,0,0
23051,1,1,1,1,0,0
23052,1,0,0,0,0,0
23053,1,1,0,0,0,0
23055,1,1,1,1,1,0
23056,1,1,0,0,0,0
23058,1,1,0,0,0,0
23059,0,0,0,0,0,0
23061,0,0,0,0,0,0
23062,0,0,0,0,0,0
23063,0,0,0,0,0,0
23064,1,0,0,0,0,0
23065,1,0,0,0,0,0
23066,1,1,1,1,1,1
23067,1,0,0,0,0,0
23068,0,0,0,0,0,0
23071,0,0,0,0,0,0
23073,1,1,0,0,0,0
23075,0,0,0,0,0,0
23078,1,1,0,0,0,0
23079,0,0,0,0,0,0
23081,0,0,0,0,0,0
23082,0,0,0,0,0,0
23083,0,0,0,0,0,0
23084,0,0,0,0,0,0
23085,1,0,0,0,0,0
23086,0,0,0,0,0,0
23087,0,0,0,0,0,0
23089,0,0,0,0,0,0
23091,1,1,0,0,0,0
23092,1,0,0,0,0,0
23093,0,0,0,0,0,0
23094,1,1,1,1,1,0
23095,0,0,0,0,0,0
23097,0,0,0,0,0,0
23098,0,0,0,0,0,0
23099,0,0,0,0,0,0
23102,1,1,0,0,0,0
23103,1,1,1,0,0,0
23104,1,1,1,1,1,0
23106,0,0,0,0,0,0
23107,0,0,0,0,0,0
23110,1,1,0,0,0,0
23113,0,0,0,0,0,0
23114,0,0,0,0,0,0
23115,0,0,0,0,0,0
23116,0,0,0,0,0,0
23117,0,0,0,0,0,0
23119,0,0,0,0,0,0
23120,0,0,0,0,0,0
23121,0,0,0,0,0,0
23122,0,0,0,0,0,0
23123,0,0,0,0,0,0
23125,1,0,0,0,0,0
23128,1,0,0,0,0,0
23129,0,0,0,0,0,0
23130,1,1,0,0,0,0
23131,0,0,0,0,0,0
23132,1,0,0,0,0,0
23133,1,0,0,0,0,0
23135,1,1,1,1,1,1
23136,1,0,0,0,0,0
23137,0,0,0,0,0,0
23139,1,0,0,0,0,0
23140,1,1,0,0,0,0
23143,1,0,0,0,0,0
23144,0,0,0,0,0,0
23145,0,0,0,0,0,0
23146,1,1,1,1,1,0
23147,0,0,0,0,0,0
23152,0,0,0,0,0,0
23153,0,0,0,0,0,0
23154,0,0,0,0,0,0
23155,1,1,0,0,0,0
23156,0,0,0,0,0,0
23157,1,1,1,0,0,0
23159,0,0,0,0,0,0
23160,1,1,0,0,0,0
23161,0,0,0,0,0,0
23162,0,0,0,0,0,0
23163,1,1,1,0,0,0
23164,0,0,0,0,0,0
23165,1,0,0,0,0,0
23166,0,0,0,0,0,0
23168,1,1,0,0,0,0
23170,1,0,0,0,0,0
23172,1,1,1,0,0,0
23174,1,1,0,0,0,0
23176,0,0,0,0,0,0
23179,1,1,0,0,0,0
23180,1,0,0,0,0,0
23183,0,0,0,0,0,0
23184,0,0,0,0,0,0
23185,0,0,0,0,0,0
23186,1,1,1,1,1,1
23187,0,0,0,0,0,0
23188,0,0,0,0,0,0
23189,0,0,0,0,0,0
23191,0,0,0,0,0,0
23195,0,0,0,0,0,0
23196,1,0,0,0,0,0
23198,0,0,0,0,0,0
23199,0,0,0,0,0,0
23200,0,0,0,0,0,0
23201,0,0,0,0,0,0
23202,0,0,0,0,0,0
23203,0,0,0,0,0,0
23205,0,0,0,0,0,0
23206,0,0,0,0,0,0
23207,1,1,1,1,0,0
23208,1,0,0,0,0,0
23209,1,1,0,0,0,0
23210,0,0,0,0,0,0
23211,1,1,0,0,0,0
23212,0,0,0,0,0,0
23213,1,1,1,0,0,0
23214,0,0,0,0,0,0
23217,1,1,0,0,0,0
23218,0,0,0,0,0,0
23221,1,1,0,0,0,0
23224,0,0,0,0,0,0
23226,0,0,0,0,0,0
23227,1,1,0,0,0,0
23229,0,0,0,0,0,0
23230,0,0,0,0,0,0
23231,0,0,0,0,0,0
23234,0,0,0,0,0,0
23235,0,0,0,0,0,0
23236,1,1,0,0,0,0
23238,1,1,1,0,0,0
23240,0,0,0,0,0,0
23241,0,0,0,0,0,0
23243,0,0,0,0,0,0
23244,1,1,0,0,0,0
23245,0,0,0,0,0,0
23247,0,0,0,0,0,0
23250,0,0,0,0,0,0
23256,1,1,1,1,1,1
23257,1,1,0,0,0,0
23258,0,0,0,0,0,0
23260,0,0,0,0,0,0
23261,0,0,0,0,0,0
23263,0,0,0,0,0,0
23264,1,1,0,0,0,0
23265,0,0,0,0,0,0
23266,1,1,0,0,0,0
23269,1,1,0,0,0,0
23270,1,1,0,0,0,0
23272,1,1,0,0,0,0
23276,1,1,0,0,0,0
23278,0,0,0,0,0,0
23280,1,0,0,0,0,0
23281,1,1,0,0,0,0
23282,0,0,0,0,0,0
23283,0,0,0,0,0,0
23284,0,0,0,0,0,0
23286,0,0,0,0,0,0
23287,0,0,0,0,0,0
23288,0,0,0,0,0,0
23289,0,0,0,0,0,0
23290,0,0,0,0,0,0
23293,1,1,0,0,0,0
23294,0,0,0,0,0,0
23295,0,0,0,0,0,0
23297,0,0,0,0,0,0
23300,0,0,0,0,0,0
23301,1,1,1,0,0,0
23302,1,1,0,0,0,0
23304,0,0,0,0,0,0
23306,1,1,0,0,0,0
23307,1,0,0,0,0,0
23308,0,0,0,0,0,0
23309,1,1,1,1,1,1
23310,1,1,0,0,0,0
23311,1,0,0,0,0,0
23314,1,0,0,0,0,0
23315,1,1,1,0,0,0
23316,1,1,0,0,0,0
23317,1,1,0,0,0,0
23319,0,0,0,0,0,0
23320,1,1,1,1,1,0
23321,1,1,0,0,0,0
23322,1,0,0,0,0,0
23323,1,1,1,1,1,1
23328,0,0,0,0,0,0
23329,0,0,0,0,0,0
23330,0,0,0,0,0,0
23331,0,0,0,0,0,0
23332,1,1,1,1,0,0
23333,1,1,0,0,0,0
23337,0,0,0,0,0,0
23338,1,1,0,0,0,0
23339,1,1,0,0,0,0
23340,1,1,0,0,0,0
23341,0,0,0,0,0,0
23342,0,0,0,0,0,0
23343,0,0,0,0,0,0
23344,1,0,0,0,0,0
23345,1,0,0,0,0,0
23346,0,0,0,0,0,0
23347,1,1,1,1,1,0
23348,1,1,1,1,1,0
23349,0,0,0,0,0,0
23351,1,1,1,1,1,0
23353,1,1,1,1,1,1
23354,0,0,0,0,0,0
23355,0,0,0,0,0,0
23356,0,0,0,0,0,0
23357,1,1,1,1,1,1
23358,1,1,1,1,1,1
23359,1,1,1,0,0,0
23360,1,1,1,0,0,0
23363,0,0,0,0,0,0
23367,1,1,0,0,0,0
23368,1,1,1,1,1,1
23369,0,0,0,0,0,0
23370,0,0,0,0,0,0
23372,0,0,0,0,0,0
23373,1,1,0,0,0,0
23374,0,0,0,0,0,0
23375,1,1,0,0,0,0
23377,0,0,0,0,0,0
23378,0,0,0,0,0,0
23379,0,0,0,0,0,0
23382,0,0,0,0,0,0
23383,0,0,0,0,0,0
23385,1,0,0,0,0,0
23387,1,0,0,0,0,0
23389,1,1,0,0,0,0
23392,1,0,0,0,0,0
23393,0,0,0,0,0,0
23394,1,1,0,0,0,0
23395,0,0,0,0,0,0
23396,1,1,0,0,0,0
23397,1,1,1,1,1,0
23398,0,0,0,0,0,0
23399,1,1,1,1,1,1
23401,0,0,0,0,0,0
23402,1,1,0,0,0,0
23403,0,0,0,0,0,0
23405,0,0,0,0,0,0
23410,1,1,0,0,0,0
23411,0,0,0,0,0,0
23412,1,0,0,0,0,0
23413,1,1,1,0,0,0
23414,0,0,0,0,0,0
23415,1,0,0,0,0,0
23416,1,1,0,0,0,0
23417,0,0,0,0,0,0
23418,1,1,0,0,0,0
23419,1,1,1,1,1,0
23420,1,1,1,0,0,0
23422,1,1,1,0,0,0
23424,0,0,0,0,0,0
23425,1,0,0,0,0,0
23426,1,0,0,0,0,0
23427,0,0,0,0,0,0
23429,1,1,1,0,0,0
23430,0,0,0,0,0,0
23431,1,1,1,0,0,0
23434,0,0,0,0,0,0
23435,0,0,0,0,0,0
23436,0,0,0,0,0,0
23438,1,1,0,0,0,0
23441,0,0,0,0,0,0
23443,0,0,0,0,0,0
23444,1,0,0,0,0,0
23445,1,0,0,0,0,0
23446,0,0,0,0,0,0
23448,1,1,0,0,0,0
23449,1,1,0,0,0,0
23450,0,0,0,0,0,0
23452,0,0,0,0,0,0
23453,0,0,0,0,0,0
23456,0,0,0,0,0,0
23457,1,1,1,1,1,0
23461,0,0,0,0,0,0
23462,1,1,0,0,0,0
23463,1,1,1,0,0,0
23465,0,0,0,0,0,0
23466,0,0,0,0,0,0
23468,0,0,0,0,0,0
23469,1,1,0,0,0,0
23470,1,1,0,0,0,0
23471,0,0,0,0,0,0
23473,0,0,0,0,0,0
23474,0,0,0,0,0,0
23475,1,1,1,1,1,0
23479,1,1,0,0,0,0
23480,1,0,0,0,0,0
23482,1,1,1,0,0,0
23486,1,1,0,0,0,0
23487,0,0,0,0,0,0
23488,1,1,0,0,0,0
23489,0,0,0,0,0,0
23492,0,0,0,0,0,0
23494,0,0,0,0,0,0
23495,0,0,0,0,0,0
23496,0,0,0,0,0,0
23498,1,1,0,0,0,0
23499,0,0,0,0,0,0
23500,0,0,0,0,0,0
23501,0,0,0,0,0,0
23502,1,1,0,0,0,0
23503,0,0,0,0,0,0
23506,1,1,0,0,0,0
23507,0,0,0,0,0,0
23508,0,0,0,0,0,0
23509,1,1,1,1,0,0
23513,0,0,0,0,0,0
23516,0,0,0,0,0,0
23517,0,0,0,0,0,0
23518,0,0,0,0,0,0
23519,0,0,0,0,0,0
23520,0,0,0,0,0,0
23521,0,0,0,0,0,0
23522,1,0,0,0,0,0
23523,0,0,0,0,0,0
23524,0,0,0,0,0,0
23525,0,0,0,0,0,0
23527,0,0,0,0,0,0
23528,0,0,0,0,0,0
23530,0,0,0,0,0,0
23531,1,1,0,0,0,0
23532,1,1,0,0,0,0
23533,1,1,0,0,0,0
23535,0,0,0,0,0,0
23536,0,0,0,0,0,0
23537,1,1,1,1,1,0
23538,0,0,0,0,0,0
23539,0,0,0,0,0,0
23542,1,0,0,0,0,0
23543,1,1,0,0,0,0
23544,1,1,0,0,0,0
23545,0,0,0,0,0,0
23546,0,0,0,0,0,0
23547,1,1,0,0,0,0
23548,0,0,0,0,0,0
23549,0,0,0,0,0,0
23551,1,1,0,0,0,0
23552,0,0,0,0,0,0
23556,0,0,0,0,0,0
23557,1,1,1,1,1,0
23559,1,0,0,0,0,0
23561,1,1,0,0,0,0
23564,1,0,0,0,0,0
23566,0,0,0,0,0,0
23567,1,1,1,1,0,0
23568,1,0,0,0,0,0
23569,0,0,0,0,0,0
23571,0,0,0,0,0,0
23573,0,0,0,0,0,0
23574,1,0,0,0,0,0
23575,1,1,0,0,0,0
23576,0,0,0,0,0,0
23577,1,0,0,0,0,0
23578,1,0,0,0,0,0
23579,1,1,0,0,0,0
23580,0,0,0,0,0,0
23582,1,0,0,0,0,0
23583,1,1,0,0,0,0
23584,1,1,0,0,0,0
23585,0,0,0,0,0,0
23588,0,0,0,0,0,0
23589,0,0,0,0,0,0
23590,1,1,1,1,0,0
23591,0,0,0,0,0,0
23592,0,0,0,0,0,0
23593,0,0,0,0,0,0
23595,1,1,0,0,0,0
23597,0,0,0,0,0,0
23598,0,0,0,0,0,0
23599,1,1,0,0,0,0
23602,0,0,0,0,0,0
23606,0,0,0,0,0,0
23608,0,0,0,0,0,0
23609,1,0,0,0,0,0
23610,0,0,0,0,0,0
23611,0,0,0,0,0,0
23612,0,0,0,0,0,0
23616,1,1,1,1,1,0
23617,0,0,0,0,0,0
23618,1,0,0,0,0,0
23621,0,0,0,0,0,0
23622,0,0,0,0,0,0
23623,0,0,0,0,0,0
23625,1,1,1,0,0,0
23626,0,0,0,0,0,0
23628,1,1,0,0,0,0
23631,0,0,0,0,0,0
23635,1,1,1,1,0,0
23637,1,0,0,0,0,0
23639,1,1,0,0,0,0
23640,0,0,0,0,0,0
23642,1,1,0,0,0,0
23643,0,0,0,0,0,0
23644,1,0,0,0,0,0
23645,0,0,0,0,0,0
23646,1,1,1,1,0,0
23648,1,1,1,1,1,1
23650,1,1,0,0,0,0
23651,1,1,0,0,0,0
23652,1,1,1,1,1,0
23654,0,0,0,0,0,0
23655,0,0,0,0,0,0
23656,0,0,0,0,0,0
23659,0,0,0,0,0,0
23660,0,0,0,0,0,0
23661,1,0,0,0,0,0
23663,0,0,0,0,0,0
23666,0,0,0,0,0,0
23669,0,0,0,0,0,0
23670,1,0,0,0,0,0
23671,0,0,0,0,0,0
23672,1,1,0,0,0,0
23674,1,1,0,0,0,0
23675,0,0,0,0,0,0
23676,1,1,0,0,0,0
23678,0,0,0,0,0,0
23679,0,0,0,0,0,0
23680,0,0,0,0,0,0
23681,0,0,0,0,0,0
23683,0,0,0,0,0,0
23684,1,0,0,0,0,0
23690,1,0,0,0,0,0
23691,0,0,0,0,0,0
23692,0,0,0,0,0,0
23694,0,0,0,0,0,0
23695,0,0,0,0,0,0
23696,0,0,0,0,0,0
23697,1,0,0,0,0,0
23699,1,0,0,0,0,0
23700,0,0,0,0,0,0
23703,0,0,0,0,0,0
23704,0,0,0,0,0,0
23708,0,0,0,0,0,0
23709,0,0,0,0,0,0
23711,0,0,0,0,0,0
23712,1,1,1,1,1,1
23714,0,0,0,0,0,0
23717,1,1,0,0,0,0
23718,0,0,0,0,0,0
23720,1,0,0,0,0,0
23722,0,0,0,0,0,0
23724,0,0,0,0,0,0
23725,0,0,0,0,0,0
23727,0,0,0,0,0,0
23729,0,0,0,0,0,0
23730,1,1,0,0,0,0
23731,0,0,0,0,0,0
23734,0,0,0,0,0,0
23735,1,0,0,0,0,0
23740,1,1,0,0,0,0
23741,1,0,0,0,0,0
23742,1,1,1,1,1,0
23743,1,1,1,0,0,0
23744,0,0,0,0,0,0
23745,0,0,0,0,0,0
23747,0,0,0,0,0,0
23748,1,1,1,0,0,0
23749,0,0,0,0,0,0
23750,0,0,0,0,0,0
23751,1,0,0,0,0,0
23752,1,0,0,0,0,0
23753,1,1,0,0,0,0
23755,1,1,1,1,0,0
23756,0,0,0,0,0,0
23757,0,0,0,0,0,0
23758,1,0,0,0,0,0
23759,0,0,0,0,0,0
23760,1,1,0,0,0,0
23761,0,0,0,0,0,0
23763,1,1,1,1,1,1
23764,0,0,0,0,0,0
23765,0,0,0,0,0,0
23766,0,0,0,0,0,0
23768,1,1,1,1,1,0
23769,0,0,0,0,0,0
23770,1,1,0,0,0,0
23771,0,0,0,0,0,0
23772,1,1,1,1,0,0
23774,0,0,0,0,0,0
23775,0,0,0,0,0,0
23777,1,1,1,1,1,0
23778,1,1,1,0,0,0
23779,1,1,0,0,0,0
23780,0,0,0,0,0,0
23782,0,0,0,0,0,0
23784,1,1,1,0,0,0
23785,0,0,0,0,0,0
23786,0,0,0,0,0,0
23788,0,0,0,0,0,0
23789,1,1,0,0,0,0
23790,0,0,0,0,0,0
23792,0,0,0,0,0,0
23793,0,0,0,0,0,0
23795,1,1,0,0,0,0
23796,1,0,0,0,0,0
23797,1,0,0,0,0,0
23799,0,0,0,0,0,0
23800,0,0,0,0,0,0
23801,0,0,0,0,0,0
23803,1,1,0,0,0,0
23804,0,0,0,0,0,0
23805,0,0,0,0,0,0
23807,1,0,0,0,0,0
23808,0,0,0,0,0,0
23809,0,0,0,0,0,0
23811,0,0,0,0,0,0
23812,0,0,0,0,0,0
23816,1,1,1,0,0,0
23817,1,1,0,0,0,0
23819,1,0,0,0,0,0
23820,1,1,0,0,0,0
23821,1,1,1,1,1,0
23822,0,0,0,0,0,0
23823,0,0,0,0,0,0
23824,0,0,0,0,0,0
23828,0,0,0,0,0,0
23829,0,0,0,0,0,0
23831,1,0,0,0,0,0
23832,1,1,1,0,0,0
23833,0,0,0,0,0,0
23834,0,0,0,0,0,0
23836,0,0,0,0,0,0
23837,0,0,0,0,0,0
23839,0,0,0,0,0,0
23840,0,0,0,0,0,0
23841,1,1,1,0,0,0
23842,1,0,0,0,0,0
23846,1,1,1,1,1,0
23847,0,0,0,0,0,0
23849,0,0,0,0,0,0
23850,1,1,1,0,0,0
23851,1,1,0,0,0,0
23852,0,0,0,0,0,0
23853,0,0,0,0,0,0
23854,1,1,0,0,0,0
23855,0,0,0,0,0,0
23856,1,0,0,0,0,0
23857,1,1,1,1,0,0
23858,0,0,0,0,0,0
23860,0,0,0,0,0,0
23861,1,1,0,0,0,0
23862,0,0,0,0,0,0
23863,1,0,0,0,0,0
23864,0,0,0,0,0,0
23865,0,0,0,0,0,0
23866,0,0,0,0,0,0
23867,0,0,0,0,0,0
23868,0,0,0,0,0,0
23869,1,1,1,1,1,0
23871,0,0,0,0,0,0
23874,0,0,0,0,0,0
23876,1,1,1,1,1,1
23877,1,1,1,0,0,0
23879,0,0,0,0,0,0
23880,0,0,0,0,0,0
23881,0,0,0,0,0,0
23882,0,0,0,0,0,0
23884,1,1,0,0,0,0
23886,1,1,1,0,0,0
23887,0,0,0,0,0,0
23889,0,0,0,0,0,0
23890,1,1,1,1,1,0
23891,0,0,0,0,0,0
23893,0,0,0,0,0,0
23896,0,0,0,0,0,0
23897,0,0,0,0,0,0
23902,0,0,0,0,0,0
23903,1,0,0,0,0,0
23904,0,0,0,0,0,0
23905,0,0,0,0,0,0
23906,0,0,0,0,0,0
23908,1,1,0,0,0,0
23910,0,0,0,0,0,0
23911,0,0,0,0,0,0
23912,1,1,0,0,0,0
23913,0,0,0,0,0,0
23916,0,0,0,0,0,0
23917,0,0,0,0,0,0
23919,0,0,0,0,0,0
23920,1,1,1,1,1,0
23924,0,0,0,0,0,0
23926,1,1,1,1,0,0
23928,1,1,0,0,0,0
23929,0,0,0,0,0,0
23930,0,0,0,0,0,0
23934,0,0,0,0,0,0
23936,0,0,0,0,0,0
23937,0,0,0,0,0,0
23938,0,0,0,0,0,0
23941,1,1,0,0,0,0
23944,0,0,0,0,0,0
23945,1,1,0,0,0,0
23946,1,1,0,0,0,0
23948,1,1,0,0,0,0
23949,0,0,0,0,0,0
23951,1,0,0,0,0,0
23952,0,0,0,0,0,0
23954,1,0,0,0,0,0
23956,1,0,0,0,0,0
23959,0,0,0,0,0,0
23960,0,0,0,0,0,0
23962,1,1,1,1,1,0
23963,0,0,0,0,0,0
23967,1,0,0,0,0,0
23968,0,0,0,0,0,0
23971,1,1,1,1,1,1
23973,0,0,0,0,0,0
23975,0,0,0,0,0,0
23976,0,0,0,0,0,0
23977,0,0,0,0,0,0
23979,0,0,0,0,0,0
23980,0,0,0,0,0,0
23981,1,1,1,1,1,1
23982,0,0,0,0,0,0
23984,1,0,0,0,0,0
23985,0,0,0,0,0,0
23986,1,1,0,0,0,0
23987,0,0,0,0,0,0
23988,0,0,0,0,0,0
23989,0,0,0,0,0,0
23990,1,1,0,0,0,0
23991,1,1,0,0,0,0
23992,1,1,0,0,0,0
23994,0,0,0,0,0,0
23997,1,1,1,1,1,1
23998,0,0,0,0,0,0
23999,1,1,0,0,0,0
24001,1,1,1,0,0,0
24002,0,0,0,0,0,0
24005,1,0,0,0,0,0
24007,0,0,0,0,0,0
24008,0,0,0,0,0,0
24010,0,0,0,0,0,0
24011,1,1,1,1,1,1
24014,0,0,0,0,0,0
24015,1,1,0,0,0,0
24016,1,1,0,0,0,0
24017,1,1,0,0,0,0
24019,1,1,1,1,1,1
24020,1,1,0,0,0,0
24022,1,1,0,0,0,0
24023,1,1,0,0,0,0
24024,0,0,0,0,0,0
24027,1,0,0,0,0,0
24028,0,0,0,0,0,0
24029,1,0,0,0,0,0
24030,1,0,0,0,0,0
24031,1,1,0,0,0,0
24035,1,1,1,1,1,0
24036,0,0,0,0,0,0
24038,1,0,0,0,0,0
24040,1,0,0,0,0,0
24041,0,0,0,0,0,0
24043,0,0,0,0,0,0
24045,1,0,0,0,0,0
24046,0,0,0,0,0,0
24055,0,0,0,0,0,0
24056,1,1,1,1,0,0
24057,0,0,0,0,0,0
24058,1,1,0,0,0,0
24059,0,0,0,0,0,0
24061,0,0,0,0,0,0
24062,1,1,0,0,0,0
24065,0,0,0,0,0,0
24069,0,0,0,0,0,0
24071,0,0,0,0,0,0
24073,0,0,0,0,0,0
24074,0,0,0,0,0,0
24076,1,1,1,1,0,0
24077,0,0,0,0,0,0
24078,1,1,0,0,0,0
24080,0,0,0,0,0,0
24081,1,1,0,0,0,0
24082,0,0,0,0,0,0
24083,1,1,1,1,1,0
24084,0,0,0,0,0,0
24085,1,1,0,0,0,0
24088,1,1,1,1,0,0
24089,0,0,0,0,0,0
24091,0,0,0,0,0,0
24092,1,1,1,1,1,0
24094,1,0,0,0,0,0
24095,0,0,0,0,0,0
24096,0,0,0,0,0,0
24098,0,0,0,0,0,0
24099,0,0,0,0,0,0
24100,1,0,0,0,0,0
24102,1,1,1,1,1,1
24104,1,0,0,0,0,0
24107,1,1,1,0,0,0
24110,0,0,0,0,0,0
24111,0,0,0,0,0,0
24112,0,0,0,0,0,0
24113,0,0,0,0,0,0
24114,1,1,1,0,0,0
24115,1,1,0,0,0,0
24116,0,0,0,0,0,0
24117,1,1,0,0,0,0
24118,0,0,0,0,0,0
24119,1,1,0,0,0,0
24121,1,1,1,1,1,1
24122,1,1,0,0,0,0
24123,1,0,0,0,0,0
24124,1,0,0,0,0,0
24125,1,1,1,1,1,0
24128,0,0,0,0,0,0
24129,0,0,0,0,0,0
24131,0,0,0,0,0,0
24132,1,1,0,0,0,0
24133,0,0,0,0,0,0
24136,0,0,0,0,0,0
24137,0,0,0,0,0,0
24139,0,0,0,0,0,0
24140,1,1,0,0,0,0
24141,0,0,0,0,0,0
24142,1,1,0,0,0,0
24143,0,0,0,0,0,0
24144,0,0,0,0,0,0
24146,1,1,0,0,0,0
24147,1,1,1,0,0,0
24150,0,0,0,0,0,0
24151,1,1,1,1,1,1
24152,0,0,0,0,0,0
24155,0,0,0,0,0,0
24158,1,0,0,0,0,0
24159,0,0,0,0,0,0
24160,1,1,1,1,0,0
24161,0,0,0,0,0,0
24162,0,0,0,0,0,0
24163,0,0,0,0,0,0
24164,0,0,0,0,0,0
24167,1,1,0,0,0,0
24168,1,1,0,0,0,0
24172,0,0,0,0,0,0
24173,0,0,0,0,0,0
24174,0,0,0,0,0,0
24175,0,0,0,0,0,0
24177,1,1,1,1,1,1
24180,1,1,1,1,1,1
24181,1,0,0,0,0,0
24183,1,0,0,0,0,0
24185,0,0,0,0,0,0
24186,0,0,0,0,0,0
24187,1,1,0,0,0,0
24188,1,0,0,0,0,0
24190,1,0,0,0,0,0
24191,1,1,0,0,0,0
24192,0,0,0,0,0,0
24193,1,1,1,1,0,0
24194,0,0,0,0,0,0
24195,0,0,0,0,0,0
24196,1,0,0,0,0,0
24197,0,0,0,0,0,0
24198,1,0,0,0,0,0
24199,0,0,0,0,0,0
24200,0,0,0,0,0,0
24201,0,0,0,0,0,0
24202,0,0,0,0,0,0
24203,1,1,0,0,0,0
24204,1,1,1,1,0,0
24206,0,0,0,0,0,0
24207,1,1,1,1,1,0
24208,1,1,1,0,0,0
24209,0,0,0,0,0,0
24215,0,0,0,0,0,0
24216,0,0,0,0,0,0
24220,0,0,0,0,0,0
24221,1,1,0,0,0,0
24223,1,1,0,0,0,0
24225,0,0,0,0,0,0
24226,0,0,0,0,0,0
24227,0,0,0,0,0,0
24228,0,0,0,0,0,0
24230,0,0,0,0,0,0
24231,0,0,0,0,0,0
24232,0,0,0,0,0,0
24234,0,0,0,0,0,0
24235,0,0,0,0,0,0
24236,0,0,0,0,0,0
24238,0,0,0,0,0,0
24240,0,0,0,0,0,0
24242,1,1,0,0,0,0
24245,0,0,0,0,0,0
24246,1,0,0,0,0,0
24247,0,0,0,0,0,0
24248,1,1,1,1,1,0
24252,1,1,0,0,0,0
24253,0,0,0,0,0,0
24255,1,0,0,0,0,0
24256,1,0,0,0,0,0
24257,0,0,0,0,0,0
24258,0,0,0,0,0,0
24260,1,1,1,1,1,0
24263,0,0,0,0,0,0
24264,1,1,0,0,0,0
24265,1,0,0,0,0,0
24266,1,0,0,0,0,0
24267,0,0,0,0,0,0
24270,0,0,0,0,0,0
24271,1,1,1,0,0,0
24272,0,0,0,0,0,0
24273,0,0,0,0,0,0
24274,1,1,0,0,0,0
24275,0,0,0,0,0,0
24276,1,1,1,1,1,1
24277,1,1,1,1,1,0
24278,0,0,0,0,0,0
24279,1,1,0,0,0,0
24280,1,1,0,0,0,0
24281,0,0,0,0,0,0
24282,1,0,0,0,0,0
24283,1,1,1,0,0,0
24285,0,0,0,0,0,0
24286,0,0,0,0,0,0
24287,1,0,0,0,0,0
24288,0,0,0,0,0,0
24290,0,0,0,0,0,0
24291,1,1,1,1,1,1
